accession	species	kind	molecule	seqid	excused_by	detail	line	gff_row	parent_line	parent_gff_row
GCF_000001215.4	Drosophila melanogaster	strand-?	chromosome	NT_033777.3		mRNA strand '?'	370260	NT_033777.3 | RefSeq | mRNA | 21360390 | 21377399 | . | ? | . | ID=rna-NM_176521.1;Parent=gene-Dmel_CG32491;Dbxref=FLYBASE:FBtr0084079,GeneID:49228,GenBank:NM_176521.1,FLYBASE:FBgn0002781;Name=NM_176521.1;Note=mod(mdg4)-RT%3B CG32491-RT%3B Dmel\mod(mdg4)-RT%3B Dmel\CG32491-RT;exception=trans-splicing;gbkey=mRNA;gene=mod(mdg4);locus_tag=Dmel_CG32491;orig_protein_id=gnl|FlyBase|CG32491-PT|gb|AAO41580;orig_transcript_id=gnl|FlyBase|CG32491-RT;product=modifier of mdg4%2C transcript variant T;transcript_id=NM_176521.1		
GCF_000001215.4	Drosophila melanogaster	strand-?	chromosome	NT_033777.3		mRNA strand '?'	370272	NT_033777.3 | RefSeq | mRNA | 21361398 | 21377399 | . | ? | . | ID=rna-NM_176522.1;Parent=gene-Dmel_CG32491;Dbxref=FLYBASE:FBtr0084085,GeneID:49228,GenBank:NM_176522.1,FLYBASE:FBgn0002781;Name=NM_176522.1;Note=mod(mdg4)-RZ%3B CG32491-RZ%3B Dmel\mod(mdg4)-RZ%3B Dmel\CG32491-RZ;exception=trans-splicing;gbkey=mRNA;gene=mod(mdg4);locus_tag=Dmel_CG32491;orig_protein_id=gnl|FlyBase|CG32491-PZ|gb|AAO41581;orig_transcript_id=gnl|FlyBase|CG32491-RZ;product=modifier of mdg4%2C transcript variant Z;transcript_id=NM_176522.1		
GCF_000001215.4	Drosophila melanogaster	strand-?	chromosome	NT_033777.3		mRNA strand '?'	370326	NT_033777.3 | RefSeq | mRNA | 21366004 | 21377399 | . | ? | . | ID=rna-NM_176523.1;Parent=gene-Dmel_CG32491;Dbxref=FLYBASE:FBtr0084084,GeneID:49228,GenBank:NM_176523.1,FLYBASE:FBgn0002781;Name=NM_176523.1;Note=mod(mdg4)-RY%3B CG32491-RY%3B Dmel\mod(mdg4)-RY%3B Dmel\CG32491-RY;exception=trans-splicing;gbkey=mRNA;gene=mod(mdg4);locus_tag=Dmel_CG32491;orig_protein_id=gnl|FlyBase|CG32491-PY|gb|AAO41582;orig_transcript_id=gnl|FlyBase|CG32491-RY;product=modifier of mdg4%2C transcript variant Y;transcript_id=NM_176523.1		
GCF_000001215.4	Drosophila melanogaster	strand-?	chromosome	NT_033777.3		mRNA strand '?'	370336	NT_033777.3 | RefSeq | mRNA | 21366450 | 21377399 | . | ? | . | ID=rna-NM_176524.1;Parent=gene-Dmel_CG32491;Dbxref=FLYBASE:FBtr0084083,GeneID:49228,GenBank:NM_176524.1,FLYBASE:FBgn0002781;Name=NM_176524.1;Note=mod(mdg4)-RX%3B CG32491-RX%3B Dmel\mod(mdg4)-RX%3B Dmel\CG32491-RX;exception=trans-splicing;gbkey=mRNA;gene=mod(mdg4);locus_tag=Dmel_CG32491;orig_protein_id=gnl|FlyBase|CG32491-PX|gb|AAO41583;orig_transcript_id=gnl|FlyBase|CG32491-RX;product=modifier of mdg4%2C transcript variant X;transcript_id=NM_176524.1		
GCF_000001215.4	Drosophila melanogaster	strand-?	chromosome	NT_033777.3		mRNA strand '?'	370346	NT_033777.3 | RefSeq | mRNA | 21366974 | 21377399 | . | ? | . | ID=rna-NM_001260300.1;Parent=gene-Dmel_CG32491;Dbxref=FLYBASE:FBtr0307760,GeneID:49228,GenBank:NM_001260300.1,FLYBASE:FBgn0002781;Name=NM_001260300.1;Note=mod(mdg4)-RAE%3B CG32491-RAE%3B Dmel\mod(mdg4)-RAE%3B Dmel\CG32491-RAE;exception=trans-splicing;gbkey=mRNA;gene=mod(mdg4);locus_tag=Dmel_CG32491;orig_protein_id=gnl|FlyBase|CG32491-PAE|gb|AFH06547;orig_transcript_id=gnl|FlyBase|CG32491-RAE;partial=true;product=modifier of mdg4%2C transcript variant AE;transcript_id=NM_001260300.1		
GCF_000001215.4	Drosophila melanogaster	strand-?	chromosome	NT_033777.3		mRNA strand '?'	370356	NT_033777.3 | RefSeq | mRNA | 21367363 | 21377399 | . | ? | . | ID=rna-NM_001260299.1;Parent=gene-Dmel_CG32491;Dbxref=FLYBASE:FBtr0307759,GeneID:49228,GenBank:NM_001260299.1,FLYBASE:FBgn0002781;Name=NM_001260299.1;Note=mod(mdg4)-RAD%3B CG32491-RAD%3B Dmel\mod(mdg4)-RAD%3B Dmel\CG32491-RAD;exception=trans-splicing;gbkey=mRNA;gene=mod(mdg4);locus_tag=Dmel_CG32491;orig_protein_id=gnl|FlyBase|CG32491-PAD|gb|AFH06546;orig_transcript_id=gnl|FlyBase|CG32491-RAD;partial=true;product=modifier of mdg4%2C transcript variant AD;transcript_id=NM_001260299.1		
GCF_000001215.4	Drosophila melanogaster	strand-?	chromosome	NT_033777.3		mRNA strand '?'	370366	NT_033777.3 | RefSeq | mRNA | 21367910 | 21377399 | . | ? | . | ID=rna-NM_176525.1;Parent=gene-Dmel_CG32491;Dbxref=FLYBASE:FBtr0084082,GeneID:49228,GenBank:NM_176525.1,FLYBASE:FBgn0002781;Name=NM_176525.1;Note=mod(mdg4)-RW%3B CG32491-RW%3B Dmel\mod(mdg4)-RW%3B Dmel\CG32491-RW;exception=trans-splicing;gbkey=mRNA;gene=mod(mdg4);locus_tag=Dmel_CG32491;orig_protein_id=gnl|FlyBase|CG32491-PW|gb|AAO41584;orig_transcript_id=gnl|FlyBase|CG32491-RW;product=modifier of mdg4%2C transcript variant W;transcript_id=NM_176525.1		
GCF_000001215.4	Drosophila melanogaster	strand-?	chromosome	NT_033777.3		mRNA strand '?'	370376	NT_033777.3 | RefSeq | mRNA | 21368380 | 21377399 | . | ? | . | ID=rna-NM_176526.1;Parent=gene-Dmel_CG32491;Dbxref=FLYBASE:FBtr0084081,GeneID:49228,GenBank:NM_176526.1,FLYBASE:FBgn0002781;Name=NM_176526.1;Note=mod(mdg4)-RV%3B CG32491-RV%3B Dmel\mod(mdg4)-RV%3B Dmel\CG32491-RV;exception=trans-splicing;gbkey=mRNA;gene=mod(mdg4);locus_tag=Dmel_CG32491;orig_protein_id=gnl|FlyBase|CG32491-PV|gb|AAO41585;orig_transcript_id=gnl|FlyBase|CG32491-RV;product=modifier of mdg4%2C transcript variant V;transcript_id=NM_176526.1		
GCF_000001215.4	Drosophila melanogaster	strand-?	chromosome	NT_033777.3		mRNA strand '?'	370386	NT_033777.3 | RefSeq | mRNA | 21369462 | 21377399 | . | ? | . | ID=rna-NM_176527.1;Parent=gene-Dmel_CG32491;Dbxref=FLYBASE:FBtr0084080,GeneID:49228,GenBank:NM_176527.1,FLYBASE:FBgn0002781;Name=NM_176527.1;Note=mod(mdg4)-RU%3B CG32491-RU%3B Dmel\mod(mdg4)-RU%3B Dmel\CG32491-RU;exception=trans-splicing;gbkey=mRNA;gene=mod(mdg4);locus_tag=Dmel_CG32491;orig_protein_id=gnl|FlyBase|CG32491-PU|gb|AAO41586;orig_transcript_id=gnl|FlyBase|CG32491-RU;product=modifier of mdg4%2C transcript variant U;transcript_id=NM_176527.1		
GCF_000005575.2	Anopheles gambiae	escapes-parent	chromosome	NT_078266.2	child:partial=true,parent:partial=true	mRNA 38,807,776..38,978,143 outside gene gene-AgaP_AGAP003509 38,807,776..38,977,193 (line 83689)	83690	NT_078266.2 | RefSeq | mRNA | 38807776 | 38978143 | . | - | . | ID=rna-XM_024811304.1;Parent=gene-AgaP_AGAP003509;Dbxref=VectorBase:AGAP003509-RF,GeneID:4577453,GenBank:XM_024811304.1,VectorBase:AGAP003509;Name=XM_024811304.1;Note=part of AGAP003509-RF coding for AGAP003509-PF;end_range=38978143,.;gbkey=mRNA;locus_tag=AgaP_AGAP003509;orig_protein_id=gnl|WGS:AAAB|AAAB01008820_AGAP003509-PF;orig_transcript_id=gnl|WGS:AAAB|AGAP003509-RF;partial=true;product=AGAP003509-RF;start_range=.,38807776;transcript_id=XM_024811304.1	83689	NT_078266.2 | RefSeq | gene | 38807776 | 38977193 | . | - | . | ID=gene-AgaP_AGAP003509;Dbxref=VectorBase:AGAP003509,GeneID:4577453;Name=AgaP_AGAP003509;end_range=38977193,.;gbkey=Gene;gene_biotype=protein_coding;locus_tag=AgaP_AGAP003509;old_locus_tag=AgaP_ENSANGG00000023175;partial=true;start_range=.,38807776
GCF_000005575.2	Anopheles gambiae	escapes-parent	chromosome	NT_078266.2	child:partial=true,parent:partial=true	mRNA 38,807,776..38,978,058 outside gene gene-AgaP_AGAP003509 38,807,776..38,977,193 (line 83689)	83702	NT_078266.2 | RefSeq | mRNA | 38807776 | 38978058 | . | - | . | ID=rna-XM_024811303.1;Parent=gene-AgaP_AGAP003509;Dbxref=VectorBase:AGAP003509-RE,GeneID:4577453,GenBank:XM_024811303.1,VectorBase:AGAP003509;Name=XM_024811303.1;Note=part of AGAP003509-RE coding for AGAP003509-PE;end_range=38978058,.;gbkey=mRNA;locus_tag=AgaP_AGAP003509;orig_protein_id=gnl|WGS:AAAB|AAAB01008820_AGAP003509-PE;orig_transcript_id=gnl|WGS:AAAB|AGAP003509-RE;partial=true;product=AGAP003509-RE;start_range=.,38807776;transcript_id=XM_024811303.1	83689	NT_078266.2 | RefSeq | gene | 38807776 | 38977193 | . | - | . | ID=gene-AgaP_AGAP003509;Dbxref=VectorBase:AGAP003509,GeneID:4577453;Name=AgaP_AGAP003509;end_range=38977193,.;gbkey=Gene;gene_biotype=protein_coding;locus_tag=AgaP_AGAP003509;old_locus_tag=AgaP_ENSANGG00000023175;partial=true;start_range=.,38807776
GCF_000005575.2	Anopheles gambiae	escapes-parent	chromosome	NT_078266.2	child:partial=true,parent:partial=true	mRNA 38,807,776..38,978,058 outside gene gene-AgaP_AGAP003509 38,807,776..38,977,193 (line 83689)	83712	NT_078266.2 | RefSeq | mRNA | 38807776 | 38978058 | . | - | . | ID=rna-XM_024811302.1;Parent=gene-AgaP_AGAP003509;Dbxref=VectorBase:AGAP003509-RC,GeneID:4577453,GenBank:XM_024811302.1,VectorBase:AGAP003509;Name=XM_024811302.1;Note=part of AGAP003509-RC coding for AGAP003509-PC;end_range=38978058,.;gbkey=mRNA;locus_tag=AgaP_AGAP003509;orig_protein_id=gnl|WGS:AAAB|AAAB01008820_AGAP003509-PC;orig_transcript_id=gnl|WGS:AAAB|AGAP003509-RC;partial=true;product=AGAP003509-RC;start_range=.,38807776;transcript_id=XM_024811302.1	83689	NT_078266.2 | RefSeq | gene | 38807776 | 38977193 | . | - | . | ID=gene-AgaP_AGAP003509;Dbxref=VectorBase:AGAP003509,GeneID:4577453;Name=AgaP_AGAP003509;end_range=38977193,.;gbkey=Gene;gene_biotype=protein_coding;locus_tag=AgaP_AGAP003509;old_locus_tag=AgaP_ENSANGG00000023175;partial=true;start_range=.,38807776
GCF_902167145.1	Zea mays	strand-?	mitochondrion	NC_007982.1		mRNA strand '?'	990470	NC_007982.1 | RefSeq | mRNA | 50490 | 267232 | . | ? | . | ID=rna-ZeamMp186;Parent=gene-ZeamMp186;Dbxref=GeneID:4055939;exception=trans-splicing%2C RNA editing;gbkey=mRNA;gene=nad1;locus_tag=ZeamMp186		
GCF_902167145.1	Zea mays	inverted	mitochondrion	NC_007982.1		mRNA start 691,776 exceeds end 267,232	990621	NC_007982.1 | RefSeq | mRNA | 691776 | 267232 | . | ? | . | ID=rna-ZeamMp017;Parent=gene-ZeamMp017;Dbxref=GeneID:37545003;exception=trans-splicing%2C RNA editing;gbkey=mRNA;gene=nad1;locus_tag=ZeamMp017		
GCF_902167145.1	Zea mays	strand-?	mitochondrion	NC_007982.1		mRNA strand '?'	990621	NC_007982.1 | RefSeq | mRNA | 691776 | 267232 | . | ? | . | ID=rna-ZeamMp017;Parent=gene-ZeamMp017;Dbxref=GeneID:37545003;exception=trans-splicing%2C RNA editing;gbkey=mRNA;gene=nad1;locus_tag=ZeamMp017		
GCF_902167145.1	Zea mays	out-of-range	mitochondrion	NC_007982.1		mRNA 691,776..267,232 exceeds NC_007982.1 length 569,630	990621	NC_007982.1 | RefSeq | mRNA | 691776 | 267232 | . | ? | . | ID=rna-ZeamMp017;Parent=gene-ZeamMp017;Dbxref=GeneID:37545003;exception=trans-splicing%2C RNA editing;gbkey=mRNA;gene=nad1;locus_tag=ZeamMp017		
GCF_902167145.1	Zea mays	strand-?	mitochondrion	NC_007982.1		mRNA strand '?'	990786	NC_007982.1 | RefSeq | mRNA | 204632 | 266615 | . | ? | . | ID=rna-ZeamMp071;Parent=gene-ZeamMp071;Dbxref=GeneID:4055889;exception=trans-splicing;gbkey=mRNA;gene=nad5;locus_tag=ZeamMp071		
GCF_902167145.1	Zea mays	strand-?	mitochondrion	NC_007982.1		mRNA strand '?'	991279	NC_007982.1 | RefSeq | mRNA | 111614 | 511384 | . | ? | . | ID=rna-ZeamMp016;Parent=gene-ZeamMp016;Dbxref=GeneID:4055901;exception=trans-splicing;gbkey=mRNA;gene=nad2;locus_tag=ZeamMp016		
GCF_902167145.1	Zea mays	strand-?	mitochondrion	NC_007982.1		mRNA strand '?'	991295	NC_007982.1 | RefSeq | mRNA | 57194 | 511384 | . | ? | . | ID=rna-ZeamMp019;Parent=gene-ZeamMp019;Dbxref=GeneID:4055883;exception=trans-splicing;gbkey=mRNA;gene=nad2;locus_tag=ZeamMp019		
GCF_902167145.1	Zea mays	escapes-parent	mitochondrion	NC_007982.1	child:exception=trans-splicing%2C RNA editing,child:part=2,parent:exception=trans-splicing%2C RNA editing	exon 320,928..321,010 outside mRNA rna-ZeamMp186 50,490..267,232 (line 990470)	990472	NC_007982.1 | RefSeq | exon | 320928 | 321010 | . | + | . | ID=exon-ZeamMp186-2;Parent=rna-ZeamMp186;Dbxref=GeneID:4055939;exception=trans-splicing%2C RNA editing;gbkey=mRNA;gene=nad1;locus_tag=ZeamMp186;part=2	990470	NC_007982.1 | RefSeq | mRNA | 50490 | 267232 | . | ? | . | ID=rna-ZeamMp186;Parent=gene-ZeamMp186;Dbxref=GeneID:4055939;exception=trans-splicing%2C RNA editing;gbkey=mRNA;gene=nad1;locus_tag=ZeamMp186
GCF_902167145.1	Zea mays	escapes-parent	mitochondrion	NC_007982.1	child:exception=trans-splicing%2C RNA editing,child:part=3,parent:exception=trans-splicing%2C RNA editing	exon 322,404..322,595 outside mRNA rna-ZeamMp186 50,490..267,232 (line 990470)	990473	NC_007982.1 | RefSeq | exon | 322404 | 322595 | . | + | . | ID=exon-ZeamMp186-3;Parent=rna-ZeamMp186;Dbxref=GeneID:4055939;exception=trans-splicing%2C RNA editing;gbkey=mRNA;gene=nad1;locus_tag=ZeamMp186;part=3	990470	NC_007982.1 | RefSeq | mRNA | 50490 | 267232 | . | ? | . | ID=rna-ZeamMp186;Parent=gene-ZeamMp186;Dbxref=GeneID:4055939;exception=trans-splicing%2C RNA editing;gbkey=mRNA;gene=nad1;locus_tag=ZeamMp186
GCF_902167145.1	Zea mays	escapes-parent	mitochondrion	NC_007982.1	child:exception=trans-splicing%2C RNA editing,child:part=4,parent:exception=trans-splicing%2C RNA editing	exon 548,714..548,772 outside mRNA rna-ZeamMp186 50,490..267,232 (line 990470)	990474	NC_007982.1 | RefSeq | exon | 548714 | 548772 | . | + | . | ID=exon-ZeamMp186-4;Parent=rna-ZeamMp186;Dbxref=GeneID:4055939;exception=trans-splicing%2C RNA editing;gbkey=mRNA;gene=nad1;locus_tag=ZeamMp186;part=4	990470	NC_007982.1 | RefSeq | mRNA | 50490 | 267232 | . | ? | . | ID=rna-ZeamMp186;Parent=gene-ZeamMp186;Dbxref=GeneID:4055939;exception=trans-splicing%2C RNA editing;gbkey=mRNA;gene=nad1;locus_tag=ZeamMp186
GCF_902167145.1	Zea mays	escapes-parent	mitochondrion	NC_007982.1	child:exception=trans-splicing%2C RNA editing,child:part=2,parent:exception=trans-splicing%2C RNA editing	CDS 320,928..321,010 outside mRNA rna-ZeamMp186 50,490..267,232 (line 990470)	990477	NC_007982.1 | RefSeq | CDS | 320928 | 321010 | . | + | 2 | ID=cds-YP_588282.1;Parent=rna-ZeamMp186;Dbxref=GenBank:YP_588282.1,GeneID:4055939;Name=YP_588282.1;exception=trans-splicing%2C RNA editing;gbkey=CDS;gene=nad1;locus_tag=ZeamMp186;part=2;product=NADH dehydrogenase subunit 1;protein_id=YP_588282.1	990470	NC_007982.1 | RefSeq | mRNA | 50490 | 267232 | . | ? | . | ID=rna-ZeamMp186;Parent=gene-ZeamMp186;Dbxref=GeneID:4055939;exception=trans-splicing%2C RNA editing;gbkey=mRNA;gene=nad1;locus_tag=ZeamMp186
GCF_902167145.1	Zea mays	escapes-parent	mitochondrion	NC_007982.1	child:exception=trans-splicing%2C RNA editing,child:part=3,parent:exception=trans-splicing%2C RNA editing	CDS 322,404..322,595 outside mRNA rna-ZeamMp186 50,490..267,232 (line 990470)	990478	NC_007982.1 | RefSeq | CDS | 322404 | 322595 | . | + | 0 | ID=cds-YP_588282.1;Parent=rna-ZeamMp186;Dbxref=GenBank:YP_588282.1,GeneID:4055939;Name=YP_588282.1;exception=trans-splicing%2C RNA editing;gbkey=CDS;gene=nad1;locus_tag=ZeamMp186;part=3;product=NADH dehydrogenase subunit 1;protein_id=YP_588282.1	990470	NC_007982.1 | RefSeq | mRNA | 50490 | 267232 | . | ? | . | ID=rna-ZeamMp186;Parent=gene-ZeamMp186;Dbxref=GeneID:4055939;exception=trans-splicing%2C RNA editing;gbkey=mRNA;gene=nad1;locus_tag=ZeamMp186
GCF_902167145.1	Zea mays	escapes-parent	mitochondrion	NC_007982.1	child:exception=trans-splicing%2C RNA editing,child:part=4,parent:exception=trans-splicing%2C RNA editing	CDS 548,714..548,772 outside mRNA rna-ZeamMp186 50,490..267,232 (line 990470)	990479	NC_007982.1 | RefSeq | CDS | 548714 | 548772 | . | + | 0 | ID=cds-YP_588282.1;Parent=rna-ZeamMp186;Dbxref=GenBank:YP_588282.1,GeneID:4055939;Name=YP_588282.1;exception=trans-splicing%2C RNA editing;gbkey=CDS;gene=nad1;locus_tag=ZeamMp186;part=4;product=NADH dehydrogenase subunit 1;protein_id=YP_588282.1	990470	NC_007982.1 | RefSeq | mRNA | 50490 | 267232 | . | ? | . | ID=rna-ZeamMp186;Parent=gene-ZeamMp186;Dbxref=GeneID:4055939;exception=trans-splicing%2C RNA editing;gbkey=mRNA;gene=nad1;locus_tag=ZeamMp186
GCF_902167145.1	Zea mays	escapes-parent	mitochondrion	NC_007982.1	child:exception=trans-splicing%2C RNA editing,child:part=1,parent:exception=trans-splicing%2C RNA editing	exon 122,146..122,530 outside mRNA rna-ZeamMp017 691,776..267,232 (line 990621)	990622	NC_007982.1 | RefSeq | exon | 122146 | 122530 | . | - | . | ID=exon-ZeamMp017-1;Parent=rna-ZeamMp017;Dbxref=GeneID:37545003;exception=trans-splicing%2C RNA editing;gbkey=mRNA;gene=nad1;locus_tag=ZeamMp017;part=1	990621	NC_007982.1 | RefSeq | mRNA | 691776 | 267232 | . | ? | . | ID=rna-ZeamMp017;Parent=gene-ZeamMp017;Dbxref=GeneID:37545003;exception=trans-splicing%2C RNA editing;gbkey=mRNA;gene=nad1;locus_tag=ZeamMp017
GCF_902167145.1	Zea mays	escapes-parent	mitochondrion	NC_007982.1	child:exception=trans-splicing%2C RNA editing,child:part=2,parent:exception=trans-splicing%2C RNA editing	exon 320,928..321,010 outside mRNA rna-ZeamMp017 691,776..267,232 (line 990621)	990623	NC_007982.1 | RefSeq | exon | 320928 | 321010 | . | + | . | ID=exon-ZeamMp017-2;Parent=rna-ZeamMp017;Dbxref=GeneID:37545003;exception=trans-splicing%2C RNA editing;gbkey=mRNA;gene=nad1;locus_tag=ZeamMp017;part=2	990621	NC_007982.1 | RefSeq | mRNA | 691776 | 267232 | . | ? | . | ID=rna-ZeamMp017;Parent=gene-ZeamMp017;Dbxref=GeneID:37545003;exception=trans-splicing%2C RNA editing;gbkey=mRNA;gene=nad1;locus_tag=ZeamMp017
GCF_902167145.1	Zea mays	escapes-parent	mitochondrion	NC_007982.1	child:exception=trans-splicing%2C RNA editing,child:part=3,parent:exception=trans-splicing%2C RNA editing	exon 322,404..322,595 outside mRNA rna-ZeamMp017 691,776..267,232 (line 990621)	990624	NC_007982.1 | RefSeq | exon | 322404 | 322595 | . | + | . | ID=exon-ZeamMp017-3;Parent=rna-ZeamMp017;Dbxref=GeneID:37545003;exception=trans-splicing%2C RNA editing;gbkey=mRNA;gene=nad1;locus_tag=ZeamMp017;part=3	990621	NC_007982.1 | RefSeq | mRNA | 691776 | 267232 | . | ? | . | ID=rna-ZeamMp017;Parent=gene-ZeamMp017;Dbxref=GeneID:37545003;exception=trans-splicing%2C RNA editing;gbkey=mRNA;gene=nad1;locus_tag=ZeamMp017
GCF_902167145.1	Zea mays	escapes-parent	mitochondrion	NC_007982.1	child:exception=trans-splicing%2C RNA editing,child:part=4,parent:exception=trans-splicing%2C RNA editing	exon 548,714..548,772 outside mRNA rna-ZeamMp017 691,776..267,232 (line 990621)	990625	NC_007982.1 | RefSeq | exon | 548714 | 548772 | . | + | . | ID=exon-ZeamMp017-4;Parent=rna-ZeamMp017;Dbxref=GeneID:37545003;exception=trans-splicing%2C RNA editing;gbkey=mRNA;gene=nad1;locus_tag=ZeamMp017;part=4	990621	NC_007982.1 | RefSeq | mRNA | 691776 | 267232 | . | ? | . | ID=rna-ZeamMp017;Parent=gene-ZeamMp017;Dbxref=GeneID:37545003;exception=trans-splicing%2C RNA editing;gbkey=mRNA;gene=nad1;locus_tag=ZeamMp017
GCF_902167145.1	Zea mays	escapes-parent	mitochondrion	NC_007982.1	child:exception=trans-splicing%2C RNA editing,child:part=5,parent:exception=trans-splicing%2C RNA editing	exon 266,974..267,232 outside mRNA rna-ZeamMp017 691,776..267,232 (line 990621)	990626	NC_007982.1 | RefSeq | exon | 266974 | 267232 | . | - | . | ID=exon-ZeamMp017-5;Parent=rna-ZeamMp017;Dbxref=GeneID:37545003;exception=trans-splicing%2C RNA editing;gbkey=mRNA;gene=nad1;locus_tag=ZeamMp017;part=5	990621	NC_007982.1 | RefSeq | mRNA | 691776 | 267232 | . | ? | . | ID=rna-ZeamMp017;Parent=gene-ZeamMp017;Dbxref=GeneID:37545003;exception=trans-splicing%2C RNA editing;gbkey=mRNA;gene=nad1;locus_tag=ZeamMp017
GCF_902167145.1	Zea mays	escapes-parent	mitochondrion	NC_007982.1	child:exception=trans-splicing%2C RNA editing,child:part=1,parent:exception=trans-splicing%2C RNA editing	CDS 122,146..122,530 outside mRNA rna-ZeamMp017 691,776..267,232 (line 990621)	990627	NC_007982.1 | RefSeq | CDS | 122146 | 122530 | . | - | 0 | ID=cds-YP_588310.1;Parent=rna-ZeamMp017;Dbxref=GenBank:YP_588310.1,GeneID:37545003;Name=YP_588310.1;exception=trans-splicing%2C RNA editing;gbkey=CDS;gene=nad1;locus_tag=ZeamMp017;part=1;product=NADH dehydrogenase subunit 1;protein_id=YP_588310.1	990621	NC_007982.1 | RefSeq | mRNA | 691776 | 267232 | . | ? | . | ID=rna-ZeamMp017;Parent=gene-ZeamMp017;Dbxref=GeneID:37545003;exception=trans-splicing%2C RNA editing;gbkey=mRNA;gene=nad1;locus_tag=ZeamMp017
GCF_902167145.1	Zea mays	escapes-parent	mitochondrion	NC_007982.1	child:exception=trans-splicing%2C RNA editing,child:part=2,parent:exception=trans-splicing%2C RNA editing	CDS 320,928..321,010 outside mRNA rna-ZeamMp017 691,776..267,232 (line 990621)	990628	NC_007982.1 | RefSeq | CDS | 320928 | 321010 | . | + | 2 | ID=cds-YP_588310.1;Parent=rna-ZeamMp017;Dbxref=GenBank:YP_588310.1,GeneID:37545003;Name=YP_588310.1;exception=trans-splicing%2C RNA editing;gbkey=CDS;gene=nad1;locus_tag=ZeamMp017;part=2;product=NADH dehydrogenase subunit 1;protein_id=YP_588310.1	990621	NC_007982.1 | RefSeq | mRNA | 691776 | 267232 | . | ? | . | ID=rna-ZeamMp017;Parent=gene-ZeamMp017;Dbxref=GeneID:37545003;exception=trans-splicing%2C RNA editing;gbkey=mRNA;gene=nad1;locus_tag=ZeamMp017
GCF_902167145.1	Zea mays	escapes-parent	mitochondrion	NC_007982.1	child:exception=trans-splicing%2C RNA editing,child:part=3,parent:exception=trans-splicing%2C RNA editing	CDS 322,404..322,595 outside mRNA rna-ZeamMp017 691,776..267,232 (line 990621)	990629	NC_007982.1 | RefSeq | CDS | 322404 | 322595 | . | + | 0 | ID=cds-YP_588310.1;Parent=rna-ZeamMp017;Dbxref=GenBank:YP_588310.1,GeneID:37545003;Name=YP_588310.1;exception=trans-splicing%2C RNA editing;gbkey=CDS;gene=nad1;locus_tag=ZeamMp017;part=3;product=NADH dehydrogenase subunit 1;protein_id=YP_588310.1	990621	NC_007982.1 | RefSeq | mRNA | 691776 | 267232 | . | ? | . | ID=rna-ZeamMp017;Parent=gene-ZeamMp017;Dbxref=GeneID:37545003;exception=trans-splicing%2C RNA editing;gbkey=mRNA;gene=nad1;locus_tag=ZeamMp017
GCF_902167145.1	Zea mays	escapes-parent	mitochondrion	NC_007982.1	child:exception=trans-splicing%2C RNA editing,child:part=4,parent:exception=trans-splicing%2C RNA editing	CDS 548,714..548,772 outside mRNA rna-ZeamMp017 691,776..267,232 (line 990621)	990630	NC_007982.1 | RefSeq | CDS | 548714 | 548772 | . | + | 0 | ID=cds-YP_588310.1;Parent=rna-ZeamMp017;Dbxref=GenBank:YP_588310.1,GeneID:37545003;Name=YP_588310.1;exception=trans-splicing%2C RNA editing;gbkey=CDS;gene=nad1;locus_tag=ZeamMp017;part=4;product=NADH dehydrogenase subunit 1;protein_id=YP_588310.1	990621	NC_007982.1 | RefSeq | mRNA | 691776 | 267232 | . | ? | . | ID=rna-ZeamMp017;Parent=gene-ZeamMp017;Dbxref=GeneID:37545003;exception=trans-splicing%2C RNA editing;gbkey=mRNA;gene=nad1;locus_tag=ZeamMp017
GCF_902167145.1	Zea mays	escapes-parent	mitochondrion	NC_007982.1	child:exception=trans-splicing%2C RNA editing,child:part=5,parent:exception=trans-splicing%2C RNA editing	CDS 266,974..267,232 outside mRNA rna-ZeamMp017 691,776..267,232 (line 990621)	990631	NC_007982.1 | RefSeq | CDS | 266974 | 267232 | . | - | 1 | ID=cds-YP_588310.1;Parent=rna-ZeamMp017;Dbxref=GenBank:YP_588310.1,GeneID:37545003;Name=YP_588310.1;exception=trans-splicing%2C RNA editing;gbkey=CDS;gene=nad1;locus_tag=ZeamMp017;part=5;product=NADH dehydrogenase subunit 1;protein_id=YP_588310.1	990621	NC_007982.1 | RefSeq | mRNA | 691776 | 267232 | . | ? | . | ID=rna-ZeamMp017;Parent=gene-ZeamMp017;Dbxref=GeneID:37545003;exception=trans-splicing%2C RNA editing;gbkey=mRNA;gene=nad1;locus_tag=ZeamMp017
GCF_000001735.4	Arabidopsis thaliana	strand-?	mitochondrion	NC_037304.1		gene strand '?'	708792	NC_037304.1 | RefSeq | gene | 58315 | 59481 | . | ? | . | ID=gene-DA397_mgp34;Dbxref=GeneID:36335702;Name=nad1;exception=trans-splicing;gbkey=Gene;gene=nad1;gene_biotype=protein_coding;locus_tag=DA397_mgp34;part=2		
GCF_000001735.4	Arabidopsis thaliana	strand-?	mitochondrion	NC_037304.1		gene strand '?'	708793	NC_037304.1 | RefSeq | gene | 230304 | 234132 | . | ? | . | ID=gene-DA397_mgp34;Dbxref=GeneID:36335702;Name=nad1;exception=trans-splicing;gbkey=Gene;gene=nad1;gene_biotype=protein_coding;locus_tag=DA397_mgp34;part=3		
GCF_000001735.4	Arabidopsis thaliana	inverted	mitochondrion	NC_037304.1		mRNA start 450,745 exceeds end 234,132	708794	NC_037304.1 | RefSeq | mRNA | 450745 | 234132 | . | ? | . | ID=rna-DA397_mgp34;Parent=gene-DA397_mgp34;Dbxref=GeneID:36335702;exception=RNA editing%2C trans-splicing;gbkey=mRNA;gene=nad1;locus_tag=DA397_mgp34		
GCF_000001735.4	Arabidopsis thaliana	strand-?	mitochondrion	NC_037304.1		mRNA strand '?'	708794	NC_037304.1 | RefSeq | mRNA | 450745 | 234132 | . | ? | . | ID=rna-DA397_mgp34;Parent=gene-DA397_mgp34;Dbxref=GeneID:36335702;exception=RNA editing%2C trans-splicing;gbkey=mRNA;gene=nad1;locus_tag=DA397_mgp34		
GCF_000001735.4	Arabidopsis thaliana	out-of-range	mitochondrion	NC_037304.1		mRNA 450,745..234,132 exceeds NC_037304.1 length 367,808	708794	NC_037304.1 | RefSeq | mRNA | 450745 | 234132 | . | ? | . | ID=rna-DA397_mgp34;Parent=gene-DA397_mgp34;Dbxref=GeneID:36335702;exception=RNA editing%2C trans-splicing;gbkey=mRNA;gene=nad1;locus_tag=DA397_mgp34		
GCF_000001735.4	Arabidopsis thaliana	strand-?	mitochondrion	NC_037304.1		mRNA strand '?'	709070	NC_037304.1 | RefSeq | mRNA | 161832 | 460814 | . | ? | . | ID=rna-DA397_mgp31;Parent=gene-DA397_mgp31;Dbxref=GeneID:36335684;exception=RNA editing%2C trans-splicing;gbkey=mRNA;gene=nad2;locus_tag=DA397_mgp31		
GCF_000001735.4	Arabidopsis thaliana	out-of-range	mitochondrion	NC_037304.1		exon 394,625..395,019 exceeds NC_037304.1 length 367,808	709515	NC_037304.1 | RefSeq | exon | 394625 | 395019 | . | + | . | ID=exon-DA397_mgp37-4;Parent=rna-DA397_mgp37;Dbxref=GeneID:36335705;exception=RNA editing;gbkey=mRNA;gene=nad5;locus_tag=DA397_mgp37;part=4		
GCF_000001735.4	Arabidopsis thaliana	out-of-range	mitochondrion	NC_037304.1		exon 395,998..396,144 exceeds NC_037304.1 length 367,808	709516	NC_037304.1 | RefSeq | exon | 395998 | 396144 | . | + | . | ID=exon-DA397_mgp37-5;Parent=rna-DA397_mgp37;Dbxref=GeneID:36335705;exception=RNA editing;gbkey=mRNA;gene=nad5;locus_tag=DA397_mgp37;part=5		
GCF_000001735.4	Arabidopsis thaliana	out-of-range	mitochondrion	NC_037304.1		CDS 394,625..395,019 exceeds NC_037304.1 length 367,808	709520	NC_037304.1 | RefSeq | CDS | 394625 | 395019 | . | + | 2 | ID=cds-YP_009472097.2;Parent=rna-DA397_mgp37;Dbxref=GenBank:YP_009472097.2,GeneID:36335705;Name=YP_009472097.2;exception=RNA editing;gbkey=CDS;gene=nad5;locus_tag=DA397_mgp37;part=4;product=NADH dehydrogenase subunit 5;protein_id=YP_009472097.2		
GCF_000001735.4	Arabidopsis thaliana	out-of-range	mitochondrion	NC_037304.1		CDS 395,998..396,144 exceeds NC_037304.1 length 367,808	709521	NC_037304.1 | RefSeq | CDS | 395998 | 396144 | . | + | 0 | ID=cds-YP_009472097.2;Parent=rna-DA397_mgp37;Dbxref=GenBank:YP_009472097.2,GeneID:36335705;Name=YP_009472097.2;exception=RNA editing;gbkey=CDS;gene=nad5;locus_tag=DA397_mgp37;part=5;product=NADH dehydrogenase subunit 5;protein_id=YP_009472097.2		
GCF_000001735.4	Arabidopsis thaliana	strand-?	chloroplast	NC_000932.1		mRNA strand '?'	710506	NC_000932.1 | RefSeq | mRNA | 69611 | 140650 | . | ? | . | ID=rna-ArthCp047;Parent=gene-ArthCp047;Dbxref=GeneID:844801;exception=trans-splicing;gbkey=mRNA;gene=rps12;locus_tag=ArthCp047		
GCF_000001735.4	Arabidopsis thaliana	escapes-parent	mitochondrion	NC_037304.1	child:exception=RNA editing%2C trans-splicing,child:part=1,parent:exception=RNA editing%2C trans-splicing	exon 82,937..83,321 outside mRNA rna-DA397_mgp34 450,745..234,132 (line 708794)	708795	NC_037304.1 | RefSeq | exon | 82937 | 83321 | . | - | . | ID=exon-DA397_mgp34-1;Parent=rna-DA397_mgp34;Dbxref=GeneID:36335702;exception=RNA editing%2C trans-splicing;gbkey=mRNA;gene=nad1;locus_tag=DA397_mgp34;part=1	708794	NC_037304.1 | RefSeq | mRNA | 450745 | 234132 | . | ? | . | ID=rna-DA397_mgp34;Parent=gene-DA397_mgp34;Dbxref=GeneID:36335702;exception=RNA editing%2C trans-splicing;gbkey=mRNA;gene=nad1;locus_tag=DA397_mgp34
GCF_000001735.4	Arabidopsis thaliana	escapes-parent	mitochondrion	NC_037304.1	child:exception=RNA editing%2C trans-splicing,child:part=2,parent:exception=RNA editing%2C trans-splicing	exon 58,315..58,397 outside mRNA rna-DA397_mgp34 450,745..234,132 (line 708794)	708796	NC_037304.1 | RefSeq | exon | 58315 | 58397 | . | + | . | ID=exon-DA397_mgp34-2;Parent=rna-DA397_mgp34;Dbxref=GeneID:36335702;exception=RNA editing%2C trans-splicing;gbkey=mRNA;gene=nad1;locus_tag=DA397_mgp34;part=2	708794	NC_037304.1 | RefSeq | mRNA | 450745 | 234132 | . | ? | . | ID=rna-DA397_mgp34;Parent=gene-DA397_mgp34;Dbxref=GeneID:36335702;exception=RNA editing%2C trans-splicing;gbkey=mRNA;gene=nad1;locus_tag=DA397_mgp34
GCF_000001735.4	Arabidopsis thaliana	escapes-parent	mitochondrion	NC_037304.1	child:exception=RNA editing%2C trans-splicing,child:part=3,parent:exception=RNA editing%2C trans-splicing	exon 59,290..59,481 outside mRNA rna-DA397_mgp34 450,745..234,132 (line 708794)	708797	NC_037304.1 | RefSeq | exon | 59290 | 59481 | . | + | . | ID=exon-DA397_mgp34-3;Parent=rna-DA397_mgp34;Dbxref=GeneID:36335702;exception=RNA editing%2C trans-splicing;gbkey=mRNA;gene=nad1;locus_tag=DA397_mgp34;part=3	708794	NC_037304.1 | RefSeq | mRNA | 450745 | 234132 | . | ? | . | ID=rna-DA397_mgp34;Parent=gene-DA397_mgp34;Dbxref=GeneID:36335702;exception=RNA editing%2C trans-splicing;gbkey=mRNA;gene=nad1;locus_tag=DA397_mgp34
GCF_000001735.4	Arabidopsis thaliana	escapes-parent	mitochondrion	NC_037304.1	child:exception=RNA editing%2C trans-splicing,child:part=4,parent:exception=RNA editing%2C trans-splicing	exon 230,304..230,362 outside mRNA rna-DA397_mgp34 450,745..234,132 (line 708794)	708798	NC_037304.1 | RefSeq | exon | 230304 | 230362 | . | + | . | ID=exon-DA397_mgp34-4;Parent=rna-DA397_mgp34;Dbxref=GeneID:36335702;exception=RNA editing%2C trans-splicing;gbkey=mRNA;gene=nad1;locus_tag=DA397_mgp34;part=4	708794	NC_037304.1 | RefSeq | mRNA | 450745 | 234132 | . | ? | . | ID=rna-DA397_mgp34;Parent=gene-DA397_mgp34;Dbxref=GeneID:36335702;exception=RNA editing%2C trans-splicing;gbkey=mRNA;gene=nad1;locus_tag=DA397_mgp34
GCF_000001735.4	Arabidopsis thaliana	escapes-parent	mitochondrion	NC_037304.1	child:exception=RNA editing%2C trans-splicing,child:part=5,parent:exception=RNA editing%2C trans-splicing	exon 233,874..234,132 outside mRNA rna-DA397_mgp34 450,745..234,132 (line 708794)	708799	NC_037304.1 | RefSeq | exon | 233874 | 234132 | . | + | . | ID=exon-DA397_mgp34-5;Parent=rna-DA397_mgp34;Dbxref=GeneID:36335702;exception=RNA editing%2C trans-splicing;gbkey=mRNA;gene=nad1;locus_tag=DA397_mgp34;part=5	708794	NC_037304.1 | RefSeq | mRNA | 450745 | 234132 | . | ? | . | ID=rna-DA397_mgp34;Parent=gene-DA397_mgp34;Dbxref=GeneID:36335702;exception=RNA editing%2C trans-splicing;gbkey=mRNA;gene=nad1;locus_tag=DA397_mgp34
GCF_000001735.4	Arabidopsis thaliana	escapes-parent	mitochondrion	NC_037304.1	child:exception=RNA editing%2C trans-splicing,child:part=1,parent:exception=RNA editing%2C trans-splicing	CDS 82,937..83,321 outside mRNA rna-DA397_mgp34 450,745..234,132 (line 708794)	708800	NC_037304.1 | RefSeq | CDS | 82937 | 83321 | . | - | 0 | ID=cds-YP_009472104.2;Parent=rna-DA397_mgp34;Dbxref=GenBank:YP_009472104.2,GeneID:36335702;Name=YP_009472104.2;Note=start codon produced by C-to-U RNA editing;exception=RNA editing%2C trans-splicing;gbkey=CDS;gene=nad1;locus_tag=DA397_mgp34;part=1;product=NADH dehydrogenase subunit 1;protein_id=YP_009472104.2	708794	NC_037304.1 | RefSeq | mRNA | 450745 | 234132 | . | ? | . | ID=rna-DA397_mgp34;Parent=gene-DA397_mgp34;Dbxref=GeneID:36335702;exception=RNA editing%2C trans-splicing;gbkey=mRNA;gene=nad1;locus_tag=DA397_mgp34
GCF_000001735.4	Arabidopsis thaliana	escapes-parent	mitochondrion	NC_037304.1	child:exception=RNA editing%2C trans-splicing,child:part=2,parent:exception=RNA editing%2C trans-splicing	CDS 58,315..58,397 outside mRNA rna-DA397_mgp34 450,745..234,132 (line 708794)	708801	NC_037304.1 | RefSeq | CDS | 58315 | 58397 | . | + | 2 | ID=cds-YP_009472104.2;Parent=rna-DA397_mgp34;Dbxref=GenBank:YP_009472104.2,GeneID:36335702;Name=YP_009472104.2;Note=start codon produced by C-to-U RNA editing;exception=RNA editing%2C trans-splicing;gbkey=CDS;gene=nad1;locus_tag=DA397_mgp34;part=2;product=NADH dehydrogenase subunit 1;protein_id=YP_009472104.2	708794	NC_037304.1 | RefSeq | mRNA | 450745 | 234132 | . | ? | . | ID=rna-DA397_mgp34;Parent=gene-DA397_mgp34;Dbxref=GeneID:36335702;exception=RNA editing%2C trans-splicing;gbkey=mRNA;gene=nad1;locus_tag=DA397_mgp34
GCF_000001735.4	Arabidopsis thaliana	escapes-parent	mitochondrion	NC_037304.1	child:exception=RNA editing%2C trans-splicing,child:part=3,parent:exception=RNA editing%2C trans-splicing	CDS 59,290..59,481 outside mRNA rna-DA397_mgp34 450,745..234,132 (line 708794)	708802	NC_037304.1 | RefSeq | CDS | 59290 | 59481 | . | + | 0 | ID=cds-YP_009472104.2;Parent=rna-DA397_mgp34;Dbxref=GenBank:YP_009472104.2,GeneID:36335702;Name=YP_009472104.2;Note=start codon produced by C-to-U RNA editing;exception=RNA editing%2C trans-splicing;gbkey=CDS;gene=nad1;locus_tag=DA397_mgp34;part=3;product=NADH dehydrogenase subunit 1;protein_id=YP_009472104.2	708794	NC_037304.1 | RefSeq | mRNA | 450745 | 234132 | . | ? | . | ID=rna-DA397_mgp34;Parent=gene-DA397_mgp34;Dbxref=GeneID:36335702;exception=RNA editing%2C trans-splicing;gbkey=mRNA;gene=nad1;locus_tag=DA397_mgp34
GCF_000001735.4	Arabidopsis thaliana	escapes-parent	mitochondrion	NC_037304.1	child:exception=RNA editing%2C trans-splicing,child:part=4,parent:exception=RNA editing%2C trans-splicing	CDS 230,304..230,362 outside mRNA rna-DA397_mgp34 450,745..234,132 (line 708794)	708803	NC_037304.1 | RefSeq | CDS | 230304 | 230362 | . | + | 0 | ID=cds-YP_009472104.2;Parent=rna-DA397_mgp34;Dbxref=GenBank:YP_009472104.2,GeneID:36335702;Name=YP_009472104.2;Note=start codon produced by C-to-U RNA editing;exception=RNA editing%2C trans-splicing;gbkey=CDS;gene=nad1;locus_tag=DA397_mgp34;part=4;product=NADH dehydrogenase subunit 1;protein_id=YP_009472104.2	708794	NC_037304.1 | RefSeq | mRNA | 450745 | 234132 | . | ? | . | ID=rna-DA397_mgp34;Parent=gene-DA397_mgp34;Dbxref=GeneID:36335702;exception=RNA editing%2C trans-splicing;gbkey=mRNA;gene=nad1;locus_tag=DA397_mgp34
GCF_000001735.4	Arabidopsis thaliana	escapes-parent	mitochondrion	NC_037304.1	child:exception=RNA editing%2C trans-splicing,child:part=5,parent:exception=RNA editing%2C trans-splicing	CDS 233,874..234,132 outside mRNA rna-DA397_mgp34 450,745..234,132 (line 708794)	708804	NC_037304.1 | RefSeq | CDS | 233874 | 234132 | . | + | 1 | ID=cds-YP_009472104.2;Parent=rna-DA397_mgp34;Dbxref=GenBank:YP_009472104.2,GeneID:36335702;Name=YP_009472104.2;Note=start codon produced by C-to-U RNA editing;exception=RNA editing%2C trans-splicing;gbkey=CDS;gene=nad1;locus_tag=DA397_mgp34;part=5;product=NADH dehydrogenase subunit 1;protein_id=YP_009472104.2	708794	NC_037304.1 | RefSeq | mRNA | 450745 | 234132 | . | ? | . | ID=rna-DA397_mgp34;Parent=gene-DA397_mgp34;Dbxref=GeneID:36335702;exception=RNA editing%2C trans-splicing;gbkey=mRNA;gene=nad1;locus_tag=DA397_mgp34
GCF_000001735.4	Arabidopsis thaliana	escapes-parent	mitochondrion	NC_037304.1	child:exception=RNA editing%2C trans-splicing,parent:exception=trans-splicing,parent:part=1,parent:part=2	mRNA 161,832..460,814 outside gene gene-DA397_mgp31 92,819..163,357 (line 709068)	709070	NC_037304.1 | RefSeq | mRNA | 161832 | 460814 | . | ? | . | ID=rna-DA397_mgp31;Parent=gene-DA397_mgp31;Dbxref=GeneID:36335684;exception=RNA editing%2C trans-splicing;gbkey=mRNA;gene=nad2;locus_tag=DA397_mgp31	709068	NC_037304.1 | RefSeq | gene | 161832 | 163357 | . | + | . | ID=gene-DA397_mgp31;Dbxref=GeneID:36335684;Name=nad2;exception=trans-splicing;gbkey=Gene;gene=nad2;gene_biotype=protein_coding;locus_tag=DA397_mgp31;part=1
GCF_000001735.4	Arabidopsis thaliana	escapes-parent	mitochondrion	NC_037304.1	child:exception=RNA editing%2C trans-splicing,child:part=3,parent:exception=RNA editing%2C trans-splicing	exon 97,882..98,042 outside mRNA rna-DA397_mgp31 161,832..460,814 (line 709070)	709073	NC_037304.1 | RefSeq | exon | 97882 | 98042 | . | - | . | ID=exon-DA397_mgp31-3;Parent=rna-DA397_mgp31;Dbxref=GeneID:36335684;exception=RNA editing%2C trans-splicing;gbkey=mRNA;gene=nad2;locus_tag=DA397_mgp31;part=3	709070	NC_037304.1 | RefSeq | mRNA | 161832 | 460814 | . | ? | . | ID=rna-DA397_mgp31;Parent=gene-DA397_mgp31;Dbxref=GeneID:36335684;exception=RNA editing%2C trans-splicing;gbkey=mRNA;gene=nad2;locus_tag=DA397_mgp31
GCF_000001735.4	Arabidopsis thaliana	escapes-parent	mitochondrion	NC_037304.1	child:exception=RNA editing%2C trans-splicing,child:part=4,parent:exception=RNA editing%2C trans-splicing	exon 94,666..95,238 outside mRNA rna-DA397_mgp31 161,832..460,814 (line 709070)	709074	NC_037304.1 | RefSeq | exon | 94666 | 95238 | . | - | . | ID=exon-DA397_mgp31-4;Parent=rna-DA397_mgp31;Dbxref=GeneID:36335684;exception=RNA editing%2C trans-splicing;gbkey=mRNA;gene=nad2;locus_tag=DA397_mgp31;part=4	709070	NC_037304.1 | RefSeq | mRNA | 161832 | 460814 | . | ? | . | ID=rna-DA397_mgp31;Parent=gene-DA397_mgp31;Dbxref=GeneID:36335684;exception=RNA editing%2C trans-splicing;gbkey=mRNA;gene=nad2;locus_tag=DA397_mgp31
GCF_000001735.4	Arabidopsis thaliana	escapes-parent	mitochondrion	NC_037304.1	child:exception=RNA editing%2C trans-splicing,child:part=5,parent:exception=RNA editing%2C trans-splicing	exon 92,819..93,006 outside mRNA rna-DA397_mgp31 161,832..460,814 (line 709070)	709075	NC_037304.1 | RefSeq | exon | 92819 | 93006 | . | - | . | ID=exon-DA397_mgp31-5;Parent=rna-DA397_mgp31;Dbxref=GeneID:36335684;exception=RNA editing%2C trans-splicing;gbkey=mRNA;gene=nad2;locus_tag=DA397_mgp31;part=5	709070	NC_037304.1 | RefSeq | mRNA | 161832 | 460814 | . | ? | . | ID=rna-DA397_mgp31;Parent=gene-DA397_mgp31;Dbxref=GeneID:36335684;exception=RNA editing%2C trans-splicing;gbkey=mRNA;gene=nad2;locus_tag=DA397_mgp31
GCF_000001735.4	Arabidopsis thaliana	escapes-parent	mitochondrion	NC_037304.1	child:exception=RNA editing%2C trans-splicing,child:part=3,parent:exception=RNA editing%2C trans-splicing	CDS 97,882..98,042 outside mRNA rna-DA397_mgp31 161,832..460,814 (line 709070)	709078	NC_037304.1 | RefSeq | CDS | 97882 | 98042 | . | - | 1 | ID=cds-YP_009472107.2;Parent=rna-DA397_mgp31;Dbxref=GenBank:YP_009472107.2,GeneID:36335684;Name=YP_009472107.2;exception=RNA editing%2C trans-splicing;gbkey=CDS;gene=nad2;locus_tag=DA397_mgp31;part=3;product=NADH dehydrogenase subunit 2;protein_id=YP_009472107.2	709070	NC_037304.1 | RefSeq | mRNA | 161832 | 460814 | . | ? | . | ID=rna-DA397_mgp31;Parent=gene-DA397_mgp31;Dbxref=GeneID:36335684;exception=RNA editing%2C trans-splicing;gbkey=mRNA;gene=nad2;locus_tag=DA397_mgp31
GCF_000001735.4	Arabidopsis thaliana	escapes-parent	mitochondrion	NC_037304.1	child:exception=RNA editing%2C trans-splicing,child:part=4,parent:exception=RNA editing%2C trans-splicing	CDS 94,666..95,238 outside mRNA rna-DA397_mgp31 161,832..460,814 (line 709070)	709079	NC_037304.1 | RefSeq | CDS | 94666 | 95238 | . | - | 2 | ID=cds-YP_009472107.2;Parent=rna-DA397_mgp31;Dbxref=GenBank:YP_009472107.2,GeneID:36335684;Name=YP_009472107.2;exception=RNA editing%2C trans-splicing;gbkey=CDS;gene=nad2;locus_tag=DA397_mgp31;part=4;product=NADH dehydrogenase subunit 2;protein_id=YP_009472107.2	709070	NC_037304.1 | RefSeq | mRNA | 161832 | 460814 | . | ? | . | ID=rna-DA397_mgp31;Parent=gene-DA397_mgp31;Dbxref=GeneID:36335684;exception=RNA editing%2C trans-splicing;gbkey=mRNA;gene=nad2;locus_tag=DA397_mgp31
GCF_000001735.4	Arabidopsis thaliana	escapes-parent	mitochondrion	NC_037304.1	child:exception=RNA editing%2C trans-splicing,child:part=5,parent:exception=RNA editing%2C trans-splicing	CDS 92,819..93,006 outside mRNA rna-DA397_mgp31 161,832..460,814 (line 709070)	709080	NC_037304.1 | RefSeq | CDS | 92819 | 93006 | . | - | 2 | ID=cds-YP_009472107.2;Parent=rna-DA397_mgp31;Dbxref=GenBank:YP_009472107.2,GeneID:36335684;Name=YP_009472107.2;exception=RNA editing%2C trans-splicing;gbkey=CDS;gene=nad2;locus_tag=DA397_mgp31;part=5;product=NADH dehydrogenase subunit 2;protein_id=YP_009472107.2	709070	NC_037304.1 | RefSeq | mRNA | 161832 | 460814 | . | ? | . | ID=rna-DA397_mgp31;Parent=gene-DA397_mgp31;Dbxref=GeneID:36335684;exception=RNA editing%2C trans-splicing;gbkey=mRNA;gene=nad2;locus_tag=DA397_mgp31
GCF_000001735.4	Arabidopsis thaliana	escapes-parent	mitochondrion	NC_037304.1	child:exception=RNA editing,parent:exception=trans-splicing,parent:part=1,parent:part=2,parent:part=3	mRNA 234,352..396,144 outside gene gene-DA397_mgp37 26,817..360,128 (line 709508)	709511	NC_037304.1 | RefSeq | mRNA | 234352 | 396144 | . | + | . | ID=rna-DA397_mgp37;Parent=gene-DA397_mgp37;Dbxref=GeneID:36335705;exception=RNA editing;gbkey=mRNA;gene=nad5;locus_tag=DA397_mgp37	709508	NC_037304.1 | RefSeq | gene | 234352 | 236628 | . | + | . | ID=gene-DA397_mgp37;Dbxref=GeneID:36335705;Name=nad5;exception=trans-splicing;gbkey=Gene;gene=nad5;gene_biotype=protein_coding;locus_tag=DA397_mgp37;part=1
GCF_034140825.1	Oryza sativa Japonica Group	strand-?	mitochondrion	NC_011033.1		mRNA strand '?'	680276	NC_011033.1 | RefSeq | mRNA | 11024 | 315294 | . | ? | . | ID=rna-OrsajM_p01;Parent=gene-OrsajM_p01;Dbxref=GeneID:6450162;exception=trans-splicing%2C RNA editing;gbkey=mRNA;gene=nad1;locus_tag=OrsajM_p01		
GCF_034140825.1	Oryza sativa Japonica Group	strand-?	mitochondrion	NC_011033.1		mRNA strand '?'	680335	NC_011033.1 | RefSeq | mRNA | 20464 | 231669 | . | ? | . | ID=rna-OrsajM_p05;Parent=gene-OrsajM_p05;Dbxref=GeneID:6450143;exception=trans-splicing%2C RNA editing;gbkey=mRNA;gene=nad5;locus_tag=OrsajM_p05		
GCF_034140825.1	Oryza sativa Japonica Group	strand-?	mitochondrion	NC_011033.1		mRNA strand '?'	680992	NC_011033.1 | RefSeq | mRNA | 363830 | 404178 | . | ? | . | ID=rna-OrsajM_p52;Parent=gene-OrsajM_p52;Dbxref=GeneID:6450140;exception=trans-splicing%2C RNA editing;gbkey=mRNA;gene=nad2;locus_tag=OrsajM_p52		
GCF_034140825.1	Oryza sativa Japonica Group	strand-?	plastid	NC_001320.1		mRNA strand '?'	681387	NC_001320.1 | RefSeq | mRNA | 67390 | 126645 | . | ? | . | ID=rna-OrsajCp102;Parent=gene-OrsajCp102;Dbxref=GeneID:3131385;exception=trans-splicing;gbkey=mRNA;gene=rps12;locus_tag=OrsajCp102		
GCF_034140825.1	Oryza sativa Japonica Group	out-of-range	plastid	NC_001320.1		exon 201,915..202,028 exceeds NC_001320.1 length 134,525	681523	NC_001320.1 | RefSeq | exon | 201915 | 202028 | . | - | . | ID=exon-OrsajCp001-1;Parent=rna-OrsajCp001;Dbxref=GeneID:3131499;gbkey=mRNA;gene=rps12;locus_tag=OrsajCp001;part=1		
GCF_034140825.1	Oryza sativa Japonica Group	out-of-range	plastid	NC_001320.1		CDS 201,915..202,028 exceeds NC_001320.1 length 134,525	681526	NC_001320.1 | RefSeq | CDS | 201915 | 202028 | . | - | 0 | ID=cds-NP_039359.1;Parent=rna-OrsajCp001;Dbxref=UniProtKB/Swiss-Prot:P12149,GenBank:NP_039359.1,GeneID:3131499;Name=NP_039359.1;gbkey=CDS;gene=rps12;locus_tag=OrsajCp001;part=1;product=ribosomal protein S12;protein_id=NP_039359.1;transl_table=11		
GCF_034140825.1	Oryza sativa Japonica Group	escapes-parent	mitochondrion	NC_011033.1	child:exception=trans-splicing%2C RNA editing,child:part=3,parent:exception=trans-splicing%2C RNA editing	exon 314,652..314,672 outside mRNA rna-OrsajM_p05 20,464..231,669 (line 680335)	680338	NC_011033.1 | RefSeq | exon | 314652 | 314672 | . | - | . | ID=exon-OrsajM_p05-3;Parent=rna-OrsajM_p05;Dbxref=GeneID:6450143;exception=trans-splicing%2C RNA editing;gbkey=mRNA;gene=nad5;locus_tag=OrsajM_p05;part=3	680335	NC_011033.1 | RefSeq | mRNA | 20464 | 231669 | . | ? | . | ID=rna-OrsajM_p05;Parent=gene-OrsajM_p05;Dbxref=GeneID:6450143;exception=trans-splicing%2C RNA editing;gbkey=mRNA;gene=nad5;locus_tag=OrsajM_p05
GCF_034140825.1	Oryza sativa Japonica Group	escapes-parent	mitochondrion	NC_011033.1	child:exception=trans-splicing%2C RNA editing,child:part=4,parent:exception=trans-splicing%2C RNA editing	exon 232,596..232,990 outside mRNA rna-OrsajM_p05 20,464..231,669 (line 680335)	680339	NC_011033.1 | RefSeq | exon | 232596 | 232990 | . | - | . | ID=exon-OrsajM_p05-4;Parent=rna-OrsajM_p05;Dbxref=GeneID:6450143;exception=trans-splicing%2C RNA editing;gbkey=mRNA;gene=nad5;locus_tag=OrsajM_p05;part=4	680335	NC_011033.1 | RefSeq | mRNA | 20464 | 231669 | . | ? | . | ID=rna-OrsajM_p05;Parent=gene-OrsajM_p05;Dbxref=GeneID:6450143;exception=trans-splicing%2C RNA editing;gbkey=mRNA;gene=nad5;locus_tag=OrsajM_p05
GCF_034140825.1	Oryza sativa Japonica Group	escapes-parent	mitochondrion	NC_011033.1	child:exception=trans-splicing%2C RNA editing,child:part=3,parent:exception=trans-splicing%2C RNA editing	CDS 314,652..314,672 outside mRNA rna-OrsajM_p05 20,464..231,669 (line 680335)	680343	NC_011033.1 | RefSeq | CDS | 314652 | 314672 | . | - | 2 | ID=cds-YP_002000552.1;Parent=rna-OrsajM_p05;Dbxref=GenBank:YP_002000552.1,GeneID:6450143;Name=YP_002000552.1;exception=trans-splicing%2C RNA editing;gbkey=CDS;gene=nad5;locus_tag=OrsajM_p05;part=3;product=NADH dehydrogenase subunit 5;protein_id=YP_002000552.1	680335	NC_011033.1 | RefSeq | mRNA | 20464 | 231669 | . | ? | . | ID=rna-OrsajM_p05;Parent=gene-OrsajM_p05;Dbxref=GeneID:6450143;exception=trans-splicing%2C RNA editing;gbkey=mRNA;gene=nad5;locus_tag=OrsajM_p05
GCF_034140825.1	Oryza sativa Japonica Group	escapes-parent	mitochondrion	NC_011033.1	child:exception=trans-splicing%2C RNA editing,child:part=4,parent:exception=trans-splicing%2C RNA editing	CDS 232,596..232,990 outside mRNA rna-OrsajM_p05 20,464..231,669 (line 680335)	680344	NC_011033.1 | RefSeq | CDS | 232596 | 232990 | . | - | 2 | ID=cds-YP_002000552.1;Parent=rna-OrsajM_p05;Dbxref=GenBank:YP_002000552.1,GeneID:6450143;Name=YP_002000552.1;exception=trans-splicing%2C RNA editing;gbkey=CDS;gene=nad5;locus_tag=OrsajM_p05;part=4;product=NADH dehydrogenase subunit 5;protein_id=YP_002000552.1	680335	NC_011033.1 | RefSeq | mRNA | 20464 | 231669 | . | ? | . | ID=rna-OrsajM_p05;Parent=gene-OrsajM_p05;Dbxref=GeneID:6450143;exception=trans-splicing%2C RNA editing;gbkey=mRNA;gene=nad5;locus_tag=OrsajM_p05
GCF_034140825.1	Oryza sativa Japonica Group	escapes-parent	mitochondrion	NC_011033.1	child:exception=trans-splicing%2C RNA editing,child:part=4,parent:exception=trans-splicing%2C RNA editing	exon 405,389..405,541 outside mRNA rna-OrsajM_p52 363,830..404,178 (line 680992)	680996	NC_011033.1 | RefSeq | exon | 405389 | 405541 | . | - | . | ID=exon-OrsajM_p52-4;Parent=rna-OrsajM_p52;Dbxref=GeneID:6450140;exception=trans-splicing%2C RNA editing;gbkey=mRNA;gene=nad2;locus_tag=OrsajM_p52;part=4	680992	NC_011033.1 | RefSeq | mRNA | 363830 | 404178 | . | ? | . | ID=rna-OrsajM_p52;Parent=gene-OrsajM_p52;Dbxref=GeneID:6450140;exception=trans-splicing%2C RNA editing;gbkey=mRNA;gene=nad2;locus_tag=OrsajM_p52
GCF_034140825.1	Oryza sativa Japonica Group	escapes-parent	mitochondrion	NC_011033.1	child:exception=trans-splicing%2C RNA editing,child:part=4,parent:exception=trans-splicing%2C RNA editing	CDS 405,389..405,541 outside mRNA rna-OrsajM_p52 363,830..404,178 (line 680992)	681001	NC_011033.1 | RefSeq | CDS | 405389 | 405541 | . | - | 2 | ID=cds-YP_002000596.1;Parent=rna-OrsajM_p52;Dbxref=GenBank:YP_002000596.1,GeneID:6450140;Name=YP_002000596.1;exception=trans-splicing%2C RNA editing;gbkey=CDS;gene=nad2;locus_tag=OrsajM_p52;part=4;product=NADH dehydrogenase subunit 2;protein_id=YP_002000596.1	680992	NC_011033.1 | RefSeq | mRNA | 363830 | 404178 | . | ? | . | ID=rna-OrsajM_p52;Parent=gene-OrsajM_p52;Dbxref=GeneID:6450140;exception=trans-splicing%2C RNA editing;gbkey=mRNA;gene=nad2;locus_tag=OrsajM_p52
GCF_034140825.1	Oryza sativa Japonica Group	escapes-parent	plastid	NC_001320.1	parent:exception=trans-splicing,parent:part=1,parent:part=2	mRNA 88,473..202,028 outside gene gene-OrsajCp001 67,390..89,273 (line 681520)	681522	NC_001320.1 | RefSeq | mRNA | 88473 | 202028 | . | - | . | ID=rna-OrsajCp001;Parent=gene-OrsajCp001;Dbxref=GeneID:3131499;gbkey=mRNA;gene=rps12;locus_tag=OrsajCp001	681520	NC_001320.1 | RefSeq | gene | 67390 | 67503 | . | - | . | ID=gene-OrsajCp001;Dbxref=GeneID:3131499;Name=rps12;exception=trans-splicing;gbkey=Gene;gene=rps12;gene_biotype=protein_coding;locus_tag=OrsajCp001;part=1
GCF_000003195.3	Sorghum bicolor	strand-?	mitochondrion	NC_008360.1		mRNA strand '?'	601533	NC_008360.1 | RefSeq | mRNA | 153318 | 419084 | . | ? | . | ID=rna-SobioMp11;Parent=gene-SobioMp11;Dbxref=GeneID:4306039;exception=trans-splicing;gbkey=mRNA;gene=nad5;locus_tag=SobioMp11		
GCF_000003195.3	Sorghum bicolor	strand-?	mitochondrion	NC_008360.1		mRNA strand '?'	601579	NC_008360.1 | RefSeq | mRNA | 324706 | 622588 | . | ? | . | ID=rna-SobioMp01;Parent=gene-SobioMp01;Dbxref=GeneID:4306037;exception=RNA editing%2C trans-splicing;gbkey=mRNA;gene=nad1;locus_tag=SobioMp01		
GCF_000003195.3	Sorghum bicolor	strand-?	mitochondrion	NC_008360.1		mRNA strand '?'	601660	NC_008360.1 | RefSeq | mRNA | 242922 | 435146 | . | ? | . | ID=rna-SobioMp21;Parent=gene-SobioMp21;Dbxref=GeneID:4306038;exception=trans-splicing;gbkey=mRNA;gene=nad2;locus_tag=SobioMp21		
GCF_000003195.3	Sorghum bicolor	escapes-parent	mitochondrion	NC_008360.1	child:exception=RNA editing%2C trans-splicing,parent:exception=trans-splicing,parent:part=1,parent:part=2,parent:part=3,parent:part=4	mRNA 324,706..622,588 outside gene gene-SobioMp01 3,484..325,091 (line 601575)	601579	NC_008360.1 | RefSeq | mRNA | 324706 | 622588 | . | ? | . | ID=rna-SobioMp01;Parent=gene-SobioMp01;Dbxref=GeneID:4306037;exception=RNA editing%2C trans-splicing;gbkey=mRNA;gene=nad1;locus_tag=SobioMp01	601575	NC_008360.1 | RefSeq | gene | 324706 | 325091 | . | + | . | ID=gene-SobioMp01;Dbxref=GeneID:4306037;Name=nad1;exception=trans-splicing;gbkey=Gene;gene=nad1;gene_biotype=protein_coding;locus_tag=SobioMp01;part=1
GCF_000003195.3	Sorghum bicolor	escapes-parent	mitochondrion	NC_008360.1	child:exception=RNA editing%2C trans-splicing,child:part=2,parent:exception=RNA editing%2C trans-splicing	exon 24,417..24,498 outside mRNA rna-SobioMp01 324,706..622,588 (line 601579)	601581	NC_008360.1 | RefSeq | exon | 24417 | 24498 | . | - | . | ID=exon-SobioMp01-2;Parent=rna-SobioMp01;Dbxref=GeneID:4306037;exception=RNA editing%2C trans-splicing;gbkey=mRNA;gene=nad1;locus_tag=SobioMp01;part=2	601579	NC_008360.1 | RefSeq | mRNA | 324706 | 622588 | . | ? | . | ID=rna-SobioMp01;Parent=gene-SobioMp01;Dbxref=GeneID:4306037;exception=RNA editing%2C trans-splicing;gbkey=mRNA;gene=nad1;locus_tag=SobioMp01
GCF_000003195.3	Sorghum bicolor	escapes-parent	mitochondrion	NC_008360.1	child:exception=RNA editing%2C trans-splicing,child:part=3,parent:exception=RNA editing%2C trans-splicing	exon 22,828..23,019 outside mRNA rna-SobioMp01 324,706..622,588 (line 601579)	601582	NC_008360.1 | RefSeq | exon | 22828 | 23019 | . | - | . | ID=exon-SobioMp01-3;Parent=rna-SobioMp01;Dbxref=GeneID:4306037;exception=RNA editing%2C trans-splicing;gbkey=mRNA;gene=nad1;locus_tag=SobioMp01;part=3	601579	NC_008360.1 | RefSeq | mRNA | 324706 | 622588 | . | ? | . | ID=rna-SobioMp01;Parent=gene-SobioMp01;Dbxref=GeneID:4306037;exception=RNA editing%2C trans-splicing;gbkey=mRNA;gene=nad1;locus_tag=SobioMp01
GCF_000003195.3	Sorghum bicolor	escapes-parent	mitochondrion	NC_008360.1	child:exception=RNA editing%2C trans-splicing,child:part=4,parent:exception=RNA editing%2C trans-splicing	exon 3,484..3,542 outside mRNA rna-SobioMp01 324,706..622,588 (line 601579)	601583	NC_008360.1 | RefSeq | exon | 3484 | 3542 | . | + | . | ID=exon-SobioMp01-4;Parent=rna-SobioMp01;Dbxref=GeneID:4306037;exception=RNA editing%2C trans-splicing;gbkey=mRNA;gene=nad1;locus_tag=SobioMp01;part=4	601579	NC_008360.1 | RefSeq | mRNA | 324706 | 622588 | . | ? | . | ID=rna-SobioMp01;Parent=gene-SobioMp01;Dbxref=GeneID:4306037;exception=RNA editing%2C trans-splicing;gbkey=mRNA;gene=nad1;locus_tag=SobioMp01
GCF_000003195.3	Sorghum bicolor	escapes-parent	mitochondrion	NC_008360.1	child:exception=RNA editing%2C trans-splicing,child:part=5,parent:exception=RNA editing%2C trans-splicing	exon 153,702..153,960 outside mRNA rna-SobioMp01 324,706..622,588 (line 601579)	601584	NC_008360.1 | RefSeq | exon | 153702 | 153960 | . | - | . | ID=exon-SobioMp01-5;Parent=rna-SobioMp01;Dbxref=GeneID:4306037;exception=RNA editing%2C trans-splicing;gbkey=mRNA;gene=nad1;locus_tag=SobioMp01;part=5	601579	NC_008360.1 | RefSeq | mRNA | 324706 | 622588 | . | ? | . | ID=rna-SobioMp01;Parent=gene-SobioMp01;Dbxref=GeneID:4306037;exception=RNA editing%2C trans-splicing;gbkey=mRNA;gene=nad1;locus_tag=SobioMp01
GCF_000003195.3	Sorghum bicolor	escapes-parent	mitochondrion	NC_008360.1	child:exception=RNA editing%2C trans-splicing,child:part=2,parent:exception=RNA editing%2C trans-splicing	CDS 24,417..24,498 outside mRNA rna-SobioMp01 324,706..622,588 (line 601579)	601586	NC_008360.1 | RefSeq | CDS | 24417 | 24498 | . | - | 1 | ID=cds-YP_762324.1;Parent=rna-SobioMp01;Dbxref=GenBank:YP_762324.1,GeneID:4306037;Name=YP_762324.1;exception=RNA editing%2C trans-splicing;gbkey=CDS;gene=nad1;locus_tag=SobioMp01;part=2;product=NADH dehydrogenase subunit 1;protein_id=YP_762324.1	601579	NC_008360.1 | RefSeq | mRNA | 324706 | 622588 | . | ? | . | ID=rna-SobioMp01;Parent=gene-SobioMp01;Dbxref=GeneID:4306037;exception=RNA editing%2C trans-splicing;gbkey=mRNA;gene=nad1;locus_tag=SobioMp01
GCF_000003195.3	Sorghum bicolor	escapes-parent	mitochondrion	NC_008360.1	child:exception=RNA editing%2C trans-splicing,child:part=3,parent:exception=RNA editing%2C trans-splicing	CDS 22,828..23,019 outside mRNA rna-SobioMp01 324,706..622,588 (line 601579)	601587	NC_008360.1 | RefSeq | CDS | 22828 | 23019 | . | - | 0 | ID=cds-YP_762324.1;Parent=rna-SobioMp01;Dbxref=GenBank:YP_762324.1,GeneID:4306037;Name=YP_762324.1;exception=RNA editing%2C trans-splicing;gbkey=CDS;gene=nad1;locus_tag=SobioMp01;part=3;product=NADH dehydrogenase subunit 1;protein_id=YP_762324.1	601579	NC_008360.1 | RefSeq | mRNA | 324706 | 622588 | . | ? | . | ID=rna-SobioMp01;Parent=gene-SobioMp01;Dbxref=GeneID:4306037;exception=RNA editing%2C trans-splicing;gbkey=mRNA;gene=nad1;locus_tag=SobioMp01
GCF_000003195.3	Sorghum bicolor	escapes-parent	mitochondrion	NC_008360.1	child:exception=RNA editing%2C trans-splicing,child:part=4,parent:exception=RNA editing%2C trans-splicing	CDS 3,484..3,542 outside mRNA rna-SobioMp01 324,706..622,588 (line 601579)	601588	NC_008360.1 | RefSeq | CDS | 3484 | 3542 | . | + | 0 | ID=cds-YP_762324.1;Parent=rna-SobioMp01;Dbxref=GenBank:YP_762324.1,GeneID:4306037;Name=YP_762324.1;exception=RNA editing%2C trans-splicing;gbkey=CDS;gene=nad1;locus_tag=SobioMp01;part=4;product=NADH dehydrogenase subunit 1;protein_id=YP_762324.1	601579	NC_008360.1 | RefSeq | mRNA | 324706 | 622588 | . | ? | . | ID=rna-SobioMp01;Parent=gene-SobioMp01;Dbxref=GeneID:4306037;exception=RNA editing%2C trans-splicing;gbkey=mRNA;gene=nad1;locus_tag=SobioMp01
GCF_000003195.3	Sorghum bicolor	escapes-parent	mitochondrion	NC_008360.1	child:exception=RNA editing%2C trans-splicing,child:part=5,parent:exception=RNA editing%2C trans-splicing	CDS 153,702..153,960 outside mRNA rna-SobioMp01 324,706..622,588 (line 601579)	601589	NC_008360.1 | RefSeq | CDS | 153702 | 153960 | . | - | 1 | ID=cds-YP_762324.1;Parent=rna-SobioMp01;Dbxref=GenBank:YP_762324.1,GeneID:4306037;Name=YP_762324.1;exception=RNA editing%2C trans-splicing;gbkey=CDS;gene=nad1;locus_tag=SobioMp01;part=5;product=NADH dehydrogenase subunit 1;protein_id=YP_762324.1	601579	NC_008360.1 | RefSeq | mRNA | 324706 | 622588 | . | ? | . | ID=rna-SobioMp01;Parent=gene-SobioMp01;Dbxref=GeneID:4306037;exception=RNA editing%2C trans-splicing;gbkey=mRNA;gene=nad1;locus_tag=SobioMp01
GCF_000004515.6	Glycine max	inverted	mitochondrion	NC_020455.1		mRNA start 565,711 exceeds end 337,537	1202115	NC_020455.1 | RefSeq | mRNA | 565711 | 337537 | . | ? | . | ID=rna-I638_mgp071;Parent=gene-I638_mgp071;Dbxref=GeneID:15308632;exception=trans-splicing%2C RNA editing;gbkey=mRNA;gene=nad1;locus_tag=I638_mgp071		
GCF_000004515.6	Glycine max	strand-?	mitochondrion	NC_020455.1		mRNA strand '?'	1202115	NC_020455.1 | RefSeq | mRNA | 565711 | 337537 | . | ? | . | ID=rna-I638_mgp071;Parent=gene-I638_mgp071;Dbxref=GeneID:15308632;exception=trans-splicing%2C RNA editing;gbkey=mRNA;gene=nad1;locus_tag=I638_mgp071		
GCF_000004515.6	Glycine max	out-of-range	mitochondrion	NC_020455.1		mRNA 565,711..337,537 exceeds NC_020455.1 length 402,558	1202115	NC_020455.1 | RefSeq | mRNA | 565711 | 337537 | . | ? | . | ID=rna-I638_mgp071;Parent=gene-I638_mgp071;Dbxref=GeneID:15308632;exception=trans-splicing%2C RNA editing;gbkey=mRNA;gene=nad1;locus_tag=I638_mgp071		
GCF_000004515.6	Glycine max	strand-?	chloroplast	NC_007942.1		mRNA strand '?'	1202701	NC_007942.1 | RefSeq | mRNA | 68190 | 138651 | . | ? | . | ID=rna-GlmaCp044;Parent=gene-GlmaCp044;Dbxref=GeneID:3989256;exception=trans-splicing;gbkey=mRNA;gene=rps12;locus_tag=GlmaCp044		
GCF_000004515.6	Glycine max	escapes-parent	mitochondrion	NC_020455.1	child:exception=trans-splicing%2C RNA editing,child:part=1,parent:exception=trans-splicing%2C RNA editing	exon 163,153..163,539 outside mRNA rna-I638_mgp071 565,711..337,537 (line 1202115)	1202116	NC_020455.1 | RefSeq | exon | 163153 | 163539 | . | - | . | ID=exon-I638_mgp071-1;Parent=rna-I638_mgp071;Dbxref=GeneID:15308632;exception=trans-splicing%2C RNA editing;gbkey=mRNA;gene=nad1;locus_tag=I638_mgp071;part=1	1202115	NC_020455.1 | RefSeq | mRNA | 565711 | 337537 | . | ? | . | ID=rna-I638_mgp071;Parent=gene-I638_mgp071;Dbxref=GeneID:15308632;exception=trans-splicing%2C RNA editing;gbkey=mRNA;gene=nad1;locus_tag=I638_mgp071
GCF_000004515.6	Glycine max	escapes-parent	mitochondrion	NC_020455.1	child:exception=trans-splicing%2C RNA editing,child:part=2,parent:exception=trans-splicing%2C RNA editing	exon 53,706..53,786 outside mRNA rna-I638_mgp071 565,711..337,537 (line 1202115)	1202117	NC_020455.1 | RefSeq | exon | 53706 | 53786 | . | + | . | ID=exon-I638_mgp071-2;Parent=rna-I638_mgp071;Dbxref=GeneID:15308632;exception=trans-splicing%2C RNA editing;gbkey=mRNA;gene=nad1;locus_tag=I638_mgp071;part=2	1202115	NC_020455.1 | RefSeq | mRNA | 565711 | 337537 | . | ? | . | ID=rna-I638_mgp071;Parent=gene-I638_mgp071;Dbxref=GeneID:15308632;exception=trans-splicing%2C RNA editing;gbkey=mRNA;gene=nad1;locus_tag=I638_mgp071
GCF_000004515.6	Glycine max	escapes-parent	mitochondrion	NC_020455.1	child:exception=trans-splicing%2C RNA editing,child:part=3,parent:exception=trans-splicing%2C RNA editing	exon 55,229..55,420 outside mRNA rna-I638_mgp071 565,711..337,537 (line 1202115)	1202118	NC_020455.1 | RefSeq | exon | 55229 | 55420 | . | + | . | ID=exon-I638_mgp071-3;Parent=rna-I638_mgp071;Dbxref=GeneID:15308632;exception=trans-splicing%2C RNA editing;gbkey=mRNA;gene=nad1;locus_tag=I638_mgp071;part=3	1202115	NC_020455.1 | RefSeq | mRNA | 565711 | 337537 | . | ? | . | ID=rna-I638_mgp071;Parent=gene-I638_mgp071;Dbxref=GeneID:15308632;exception=trans-splicing%2C RNA editing;gbkey=mRNA;gene=nad1;locus_tag=I638_mgp071
GCF_000004515.6	Glycine max	escapes-parent	mitochondrion	NC_020455.1	child:exception=trans-splicing%2C RNA editing,child:part=4,parent:exception=trans-splicing%2C RNA editing	exon 340,687..340,745 outside mRNA rna-I638_mgp071 565,711..337,537 (line 1202115)	1202119	NC_020455.1 | RefSeq | exon | 340687 | 340745 | . | - | . | ID=exon-I638_mgp071-4;Parent=rna-I638_mgp071;Dbxref=GeneID:15308632;exception=trans-splicing%2C RNA editing;gbkey=mRNA;gene=nad1;locus_tag=I638_mgp071;part=4	1202115	NC_020455.1 | RefSeq | mRNA | 565711 | 337537 | . | ? | . | ID=rna-I638_mgp071;Parent=gene-I638_mgp071;Dbxref=GeneID:15308632;exception=trans-splicing%2C RNA editing;gbkey=mRNA;gene=nad1;locus_tag=I638_mgp071
GCF_000004515.6	Glycine max	escapes-parent	mitochondrion	NC_020455.1	child:exception=trans-splicing%2C RNA editing,child:part=5,parent:exception=trans-splicing%2C RNA editing	exon 337,279..337,537 outside mRNA rna-I638_mgp071 565,711..337,537 (line 1202115)	1202120	NC_020455.1 | RefSeq | exon | 337279 | 337537 | . | - | . | ID=exon-I638_mgp071-5;Parent=rna-I638_mgp071;Dbxref=GeneID:15308632;exception=trans-splicing%2C RNA editing;gbkey=mRNA;gene=nad1;locus_tag=I638_mgp071;part=5	1202115	NC_020455.1 | RefSeq | mRNA | 565711 | 337537 | . | ? | . | ID=rna-I638_mgp071;Parent=gene-I638_mgp071;Dbxref=GeneID:15308632;exception=trans-splicing%2C RNA editing;gbkey=mRNA;gene=nad1;locus_tag=I638_mgp071
GCF_000004515.6	Glycine max	escapes-parent	mitochondrion	NC_020455.1	child:exception=trans-splicing%2C RNA editing,child:part=1,parent:exception=trans-splicing%2C RNA editing	CDS 163,153..163,539 outside mRNA rna-I638_mgp071 565,711..337,537 (line 1202115)	1202121	NC_020455.1 | RefSeq | CDS | 163153 | 163539 | . | - | 0 | ID=cds-YP_007516869.1;Parent=rna-I638_mgp071;Dbxref=GenBank:YP_007516869.1,GeneID:15308632;Name=YP_007516869.1;exception=trans-splicing%2C RNA editing;gbkey=CDS;gene=nad1;locus_tag=I638_mgp071;part=1;product=NADH dehydrogenase subunit 1;protein_id=YP_007516869.1	1202115	NC_020455.1 | RefSeq | mRNA | 565711 | 337537 | . | ? | . | ID=rna-I638_mgp071;Parent=gene-I638_mgp071;Dbxref=GeneID:15308632;exception=trans-splicing%2C RNA editing;gbkey=mRNA;gene=nad1;locus_tag=I638_mgp071
GCF_000004515.6	Glycine max	escapes-parent	mitochondrion	NC_020455.1	child:exception=trans-splicing%2C RNA editing,child:part=2,parent:exception=trans-splicing%2C RNA editing	CDS 53,706..53,786 outside mRNA rna-I638_mgp071 565,711..337,537 (line 1202115)	1202122	NC_020455.1 | RefSeq | CDS | 53706 | 53786 | . | + | 0 | ID=cds-YP_007516869.1;Parent=rna-I638_mgp071;Dbxref=GenBank:YP_007516869.1,GeneID:15308632;Name=YP_007516869.1;exception=trans-splicing%2C RNA editing;gbkey=CDS;gene=nad1;locus_tag=I638_mgp071;part=2;product=NADH dehydrogenase subunit 1;protein_id=YP_007516869.1	1202115	NC_020455.1 | RefSeq | mRNA | 565711 | 337537 | . | ? | . | ID=rna-I638_mgp071;Parent=gene-I638_mgp071;Dbxref=GeneID:15308632;exception=trans-splicing%2C RNA editing;gbkey=mRNA;gene=nad1;locus_tag=I638_mgp071
GCF_000004515.6	Glycine max	escapes-parent	mitochondrion	NC_020455.1	child:exception=trans-splicing%2C RNA editing,child:part=3,parent:exception=trans-splicing%2C RNA editing	CDS 55,229..55,420 outside mRNA rna-I638_mgp071 565,711..337,537 (line 1202115)	1202123	NC_020455.1 | RefSeq | CDS | 55229 | 55420 | . | + | 0 | ID=cds-YP_007516869.1;Parent=rna-I638_mgp071;Dbxref=GenBank:YP_007516869.1,GeneID:15308632;Name=YP_007516869.1;exception=trans-splicing%2C RNA editing;gbkey=CDS;gene=nad1;locus_tag=I638_mgp071;part=3;product=NADH dehydrogenase subunit 1;protein_id=YP_007516869.1	1202115	NC_020455.1 | RefSeq | mRNA | 565711 | 337537 | . | ? | . | ID=rna-I638_mgp071;Parent=gene-I638_mgp071;Dbxref=GeneID:15308632;exception=trans-splicing%2C RNA editing;gbkey=mRNA;gene=nad1;locus_tag=I638_mgp071
GCF_000004515.6	Glycine max	escapes-parent	mitochondrion	NC_020455.1	child:exception=trans-splicing%2C RNA editing,child:part=4,parent:exception=trans-splicing%2C RNA editing	CDS 340,687..340,745 outside mRNA rna-I638_mgp071 565,711..337,537 (line 1202115)	1202124	NC_020455.1 | RefSeq | CDS | 340687 | 340745 | . | - | 0 | ID=cds-YP_007516869.1;Parent=rna-I638_mgp071;Dbxref=GenBank:YP_007516869.1,GeneID:15308632;Name=YP_007516869.1;exception=trans-splicing%2C RNA editing;gbkey=CDS;gene=nad1;locus_tag=I638_mgp071;part=4;product=NADH dehydrogenase subunit 1;protein_id=YP_007516869.1	1202115	NC_020455.1 | RefSeq | mRNA | 565711 | 337537 | . | ? | . | ID=rna-I638_mgp071;Parent=gene-I638_mgp071;Dbxref=GeneID:15308632;exception=trans-splicing%2C RNA editing;gbkey=mRNA;gene=nad1;locus_tag=I638_mgp071
GCF_000004515.6	Glycine max	escapes-parent	mitochondrion	NC_020455.1	child:exception=trans-splicing%2C RNA editing,child:part=5,parent:exception=trans-splicing%2C RNA editing	CDS 337,279..337,537 outside mRNA rna-I638_mgp071 565,711..337,537 (line 1202115)	1202125	NC_020455.1 | RefSeq | CDS | 337279 | 337537 | . | - | 1 | ID=cds-YP_007516869.1;Parent=rna-I638_mgp071;Dbxref=GenBank:YP_007516869.1,GeneID:15308632;Name=YP_007516869.1;exception=trans-splicing%2C RNA editing;gbkey=CDS;gene=nad1;locus_tag=I638_mgp071;part=5;product=NADH dehydrogenase subunit 1;protein_id=YP_007516869.1	1202115	NC_020455.1 | RefSeq | mRNA | 565711 | 337537 | . | ? | . | ID=rna-I638_mgp071;Parent=gene-I638_mgp071;Dbxref=GeneID:15308632;exception=trans-splicing%2C RNA editing;gbkey=mRNA;gene=nad1;locus_tag=I638_mgp071
GCF_000188115.5	Solanum lycopersicum	strand-?	chloroplast	NC_007898.3		mRNA strand '?'	635275	NC_007898.3 | RefSeq | mRNA | 71636 | 142099 | . | ? | . | ID=rna-LyesC2p008;Parent=gene-LyesC2p008;Dbxref=GeneID:3950473;exception=trans-splicing;gbkey=mRNA;gene=rps12;locus_tag=LyesC2p008		
GCF_030704535.1	Vitis vinifera	strand-?	mitochondrion	NC_012119.1		mRNA strand '?'	650665	NC_012119.1 | RefSeq | mRNA | 21504 | 610858 | . | ? | . | ID=rna-ViviM_p002;Parent=gene-ViviM_p002;Dbxref=GeneID:7498511;exception=trans-splicing;gbkey=mRNA;gene=nad1;locus_tag=ViviM_p002		
GCF_030704535.1	Vitis vinifera	strand-?	chloroplast	NC_007957.1		mRNA strand '?'	651050	NC_007957.1 | RefSeq | mRNA | 74631 | 103784 | . | ? | . | ID=rna-ViviCp046;Parent=gene-ViviCp046;Dbxref=GeneID:4025063;exception=trans-splicing;gbkey=mRNA;gene=rps12;locus_tag=ViviCp046		
GCF_000002945.2	Schizosaccharomyces pombe	escapes-parent	chromosome	NC_003424.3		three_prime_UTR 4,344,572..4,344,751 outside pseudogene gene-SPOM_SPAC23D3.05C 4,344,752..4,345,774 (line 18614)	18615	NC_003424.3 | RefSeq | three_prime_UTR | 4344572 | 4344751 | . | - | . | ID=id-NC_003424.3:4344572..4344751;Parent=gene-SPOM_SPAC23D3.05C;Dbxref=GeneID:3361411;gbkey=3'UTR;locus_tag=SPOM_SPAC23D3.05C;pseudo=true	18614	NC_003424.3 | RefSeq | pseudogene | 4344752 | 4345774 | . | - | . | ID=gene-SPOM_SPAC23D3.05C;Dbxref=GeneID:3361411;Name=SPOM_SPAC23D3.05C;gbkey=Gene;gene_biotype=pseudogene;locus_tag=SPOM_SPAC23D3.05C;pseudo=true
GCF_000002945.2	Schizosaccharomyces pombe	escapes-parent	chromosome	NC_003424.3		five_prime_UTR 4,345,775..4,346,238 outside pseudogene gene-SPOM_SPAC23D3.05C 4,344,752..4,345,774 (line 18614)	18616	NC_003424.3 | RefSeq | five_prime_UTR | 4345775 | 4346238 | . | - | . | ID=id-NC_003424.3:4345775..4346238;Parent=gene-SPOM_SPAC23D3.05C;Dbxref=GeneID:3361411;gbkey=5'UTR;locus_tag=SPOM_SPAC23D3.05C;pseudo=true	18614	NC_003424.3 | RefSeq | pseudogene | 4344752 | 4345774 | . | - | . | ID=gene-SPOM_SPAC23D3.05C;Dbxref=GeneID:3361411;Name=SPOM_SPAC23D3.05C;gbkey=Gene;gene_biotype=pseudogene;locus_tag=SPOM_SPAC23D3.05C;pseudo=true
GCF_000002945.2	Schizosaccharomyces pombe	escapes-parent	chromosome	NC_003423.3		five_prime_UTR 72,040..72,344 outside pseudogene gene-SPOM_SPBPB21E7.08 72,345..73,390 (line 24095)	24096	NC_003423.3 | RefSeq | five_prime_UTR | 72040 | 72344 | . | + | . | ID=id-NC_003423.3:72040..72344;Parent=gene-SPOM_SPBPB21E7.08;Dbxref=GeneID:3361176;gbkey=5'UTR;locus_tag=SPOM_SPBPB21E7.08;pseudo=true	24095	NC_003423.3 | RefSeq | pseudogene | 72345 | 73390 | . | + | . | ID=gene-SPOM_SPBPB21E7.08;Dbxref=GeneID:3361176;Name=SPOM_SPBPB21E7.08;gbkey=Gene;gene_biotype=pseudogene;locus_tag=SPOM_SPBPB21E7.08;pseudo=true
GCF_000002945.2	Schizosaccharomyces pombe	escapes-parent	chromosome	NC_003421.2		three_prime_UTR 1,338,711..1,338,730 outside pseudogene gene-SPOM_SPCC132.05C 1,338,731..1,340,098 (line 49250)	49251	NC_003421.2 | RefSeq | three_prime_UTR | 1338711 | 1338730 | . | - | . | ID=id-NC_003421.2:1338711..1338730;Parent=gene-SPOM_SPCC132.05C;Dbxref=GeneID:3361160;gbkey=3'UTR;locus_tag=SPOM_SPCC132.05C;pseudo=true	49250	NC_003421.2 | RefSeq | pseudogene | 1338731 | 1340098 | . | - | . | ID=gene-SPOM_SPCC132.05C;Dbxref=GeneID:3361160;Name=SPOM_SPCC132.05C;gbkey=Gene;gene_biotype=pseudogene;locus_tag=SPOM_SPCC132.05C;pseudo=true
