arm	dialect	clade	annotation_source	top_col2_source	species	accession	assembly_name	annotation_release	downloaded	file_md5	rows	parent_child_edges	sequences	organellar_sequences	escapes_parent	escapes_parent_organellar	escapes_parent_excused	escapes_excused_by	escapes_parent_seqid	inverted	inverted_organellar	out_of_range	out_of_range_organellar	origin_spanning_convention	out_of_range_applicability	molecule_class_coverage	strand_q	strand_q_organellar	strand_invalid	non_numeric	id_conflicts	multi_row_ids	pseudogene_gene_exons	gene_level_exons	dangling_edges	unexplained_defects	unexplained_nuclear	any_defect
refseq	refseq	vertebrate	NCBI RefSeq GCF_000001405.40-RS_2025_08	Gnomon	Homo sapiens	GCF_000001405.40	GRCh38.p14	GCF_000001405.40-RS_2025_08 2025-08-01	2026-10-07T10:25:24Z	99c39a02df7339a96d57f5072a90c5a9	4932571	4378154	705	1	0	0	0	NA	0	0	0	0	0	1	full	1.0	0	0	0	0	0	1729334	9015	9015	0	0	0	no
refseq	refseq	vertebrate	NCBI RefSeq GCF_000001635.27-RS_2024_02	Gnomon	Mus musculus	GCF_000001635.27	GRCm39	GCF_000001635.27-RS_2024_02 2024-02-01	2026-10-07T10:25:24Z	5498a8cb9e5ab340633652d358a384a5	3110422	2928102	61	1	0	0	0	NA	0	0	0	0	0	0	full	1.0	0	0	0	0	0	1106536	4069	4070	0	0	0	no
refseq	refseq	vertebrate	NCBI RefSeq GCF_015227675.2-RS_2023_06	Gnomon	Rattus norvegicus	GCF_015227675.2	mRatBN7.2	GCF_015227675.2-RS_2023_06 2023-06-06	2026-10-07T10:25:24Z	c7533383cdb32b04dd414d7cebf55644	2209632	2159346	176	1	0	0	0	NA	0	0	0	0	0	0	full	1.0	0	0	0	0	0	856893	10061	10061	0	0	0	no
refseq	refseq	vertebrate	NCBI RefSeq GCF_000002035.6-RS_2024_08	Gnomon	Danio rerio	GCF_000002035.6	GRCz11	GCF_000002035.6-RS_2024_08 2024-08-15	2026-10-07T10:25:24Z	086cf1261daf8936a411d5fc6111e63e	1759958	1633725	1923	1	0	0	0	NA	0	0	0	0	0	0	full	1.0	0	0	0	0	0	726661	1375	1375	0	0	0	no
refseq	refseq	vertebrate	NCBI Gallus gallus Annotation Release 106	Gnomon	Gallus gallus	GCF_016699485.2	bGalGal1.mat.broiler.GRCg7b	NCBI Gallus gallus Annotation Release 106 2021-12-23	2026-10-07T10:25:24Z	d365e1e9ab3af33a9598640a4792c6d2	2167964	2134601	214	1	0	0	0	NA	0	0	0	0	0	0	full	1.0	0	0	0	0	0	870785	541	541	0	0	0	no
refseq	refseq	vertebrate	NCBI Canis lupus familiaris Annotation Release 106	Gnomon	Canis lupus familiaris	GCF_014441545.1	ROS_Cfam_1.0	NCBI Canis lupus familiaris Annotation Release 106 2020-12-08	2026-10-07T10:25:24Z	edeea87dca669256dc3c668d50b7a730	2031047	1975454	376	0	0	0	0	NA	0	0	0	0	0	0	full	1.0	0	0	0	0	0	756531	7910	7910	0	0	0	no
refseq	refseq	vertebrate	NCBI RefSeq GCF_000004195.4-RS_2026_09	Gnomon	Xenopus tropicalis	GCF_000004195.4	UCB_Xtro_10.0	GCF_000004195.4-RS_2026_09 2026-09-22	2026-10-07T10:25:24Z	d2369652e9275a145a39e2297098d325	1338095	1282155	167	1	0	0	0	NA	0	0	0	0	0	0	full	1.0	0	0	0	0	0	565350	1589	1589	0	0	0	no
refseq	refseq	vertebrate	NCBI Oryzias latipes Annotation Release 103	Gnomon	Oryzias latipes	GCF_002234675.1	ASM223467v1	NCBI Oryzias latipes Annotation Release 103 2018-01-31	2026-10-07T10:25:24Z	e4475fda2191536c132c447f391cca87	292462	285969	5	0	0	0	0	NA	0	0	0	0	0	0	full	1.0	0	0	0	0	0	122583	108	108	0	0	0	no
refseq	refseq	insect	FlyBase Release 6.54	RefSeq	Drosophila melanogaster	GCF_000001215.4	Release 6 plus ISO1 MT	FlyBase Release 6.54 2023-12-26	2026-10-07T10:25:24Z	399b4ac37cc123b724895334be589fdc	414876	389395	1870	1	0	0	0	NA	0	0	0	0	0	0	full	1.0	9	0	0	0	0	132521	563	563	0	0	0	no
refseq	refseq	insect	INSDC submitter	RefSeq	Anopheles gambiae	GCF_000005575.2	AgamP3	Annotation submitted by The International Consortium for the Sequencing of Anopheles Genome 2023-04-03	2026-10-07T10:25:24Z	36aaacb27aca9a6c64596bc41661457d	157413	135885	8090	1	3	0	3	partial=true:3	0	0	0	0	0	0	full	1.0	0	0	0	0	0	44639	0	0	0	0	0	no
refseq	refseq	insect	NCBI Aedes aegypti Annotation Release 101	Gnomon	Aedes aegypti	GCF_002204515.2	AaegL5.0	NCBI Aedes aegypti Annotation Release 101 2017-07-12	2026-10-07T10:25:24Z	4d47cd307240414f4902d2d45f1d1786	442376	418896	2310	1	0	0	0	NA	0	0	0	0	0	0	full	1.0	0	0	0	0	0	146212	739	739	0	0	0	no
refseq	refseq	insect	NCBI Apis mellifera Annotation Release 104	Gnomon	Apis mellifera	GCF_003254395.2	Amel_HAv3.1	NCBI Apis mellifera Annotation Release 104 2018-09-13	2026-10-07T10:25:24Z	3d4826d3d6fe1946c428651e2621533e	537057	522810	177	1	0	0	0	NA	0	0	0	0	0	0	full	1.0	0	0	0	0	0	204449	164	164	0	0	0	no
refseq	refseq	insect	NCBI Tribolium castaneum Annotation Release 103	Gnomon	Tribolium castaneum	GCF_000002335.3	Tcas5.2	NCBI Tribolium castaneum Annotation Release 103 2016-03-16	2026-10-07T10:25:24Z	943f13495e92d044af1b8a276abef2a3	368299	350226	2082	1	0	0	0	NA	0	0	0	0	0	0	full	1.0	0	0	0	0	0	132349	105	105	0	0	0	no
refseq	refseq	insect	NCBI Nasonia vitripennis Annotation Release 104	Gnomon	Nasonia vitripennis	GCF_009193385.2	Nvit_psr_1.1	NCBI Nasonia vitripennis Annotation Release 104 2020-02-12	2026-10-07T10:25:24Z	25bb4f0763af38dba6a941ad003f7e74	664088	647443	436	0	0	0	0	NA	0	0	0	0	0	0	full	1.0	0	0	0	0	0	246649	533	533	0	0	0	no
refseq	refseq	insect	NCBI RefSeq GCF_030269925.1-RS_2024_01	Gnomon	Bombyx mori	GCF_030269925.1	ASM3026992v2	GCF_030269925.1-RS_2024_01 2024-01-25	2026-10-07T10:25:24Z	94b7983e1eb75b3ad919d096b22c876b	668047	643565	30	1	0	0	0	NA	0	0	0	0	0	4	full	1.0	0	0	0	0	0	261234	159	159	0	0	0	no
refseq	refseq	plant	NCBI RefSeq GCF_902167145.1-RS_2025_02	Gnomon	Zea mays	GCF_902167145.1	Zm-B73-REFERENCE-NAM-5.0	GCF_902167145.1-RS_2025_02 2025-02-14	2026-10-07T10:25:24Z	f611efa2c8d8dae129c105791a491b0a	990782	934328	687	2	16	16	16	exception=trans-splicing%2C RNA editing:16;part=2:4;part=3:4;part=4:4;part=1:2;part=5:2	0	1	1	1	1	0	full	1.0	5	5	0	0	0	293854	12763	12838	0	2	0	yes
refseq	refseq	plant	TAIR and Araport	RefSeq	Arabidopsis thaliana	GCF_000001735.4	TAIR10.1	Annotation submitted by TAIR and Araport 2022-10-20	2026-10-07T10:25:24Z	373a2f1b047a198abe5367800375fbe6	710747	671444	7	2	18	18	18	exception=RNA editing%2C trans-splicing:17;part=3:5;part=1:4;part=2:4;part=4:4;part=5:4;exception=trans-splicing:2;exception=RNA editing:1	0	1	1	5	5	2	full	1.0	5	5	0	0	0	238006	0	29	0	6	0	yes
refseq	refseq	plant	NCBI RefSeq GCF_034140825.1-RS_2024_06	Gnomon	Oryza sativa Japonica Group	GCF_034140825.1	AGIS1.0	GCF_034140825.1-RS_2024_06 2024-06-21	2026-10-07T10:25:24Z	eb9aebec640d7477a5d01906a40e94a4	681717	640178	15	3	7	7	7	exception=trans-splicing%2C RNA editing:6;part=4:4;part=3:2;exception=trans-splicing:1;part=1:1;part=2:1	0	0	0	2	2	1	full	1.0	4	4	0	0	0	200953	5991	6016	0	2	0	yes
refseq	refseq	plant	NCBI Sorghum bicolor Annotation Release 101	Gnomon	Sorghum bicolor	GCF_000003195.3	Sorghum_bicolor_NCBIv3	NCBI Sorghum bicolor Annotation Release 101 2017-06-02	2026-10-07T10:25:24Z	d6b197da0334cc16bdc0aa243c56d671	600510	565849	869	2	9	9	9	exception=RNA editing%2C trans-splicing:9;part=2:3;part=3:3;part=4:3;part=5:2;exception=trans-splicing:1;part=1:1	0	0	0	0	0	1	full	1.0	3	3	0	0	0	181350	4727	4784	0	0	0	no
refseq	refseq	plant	NCBI RefSeq GCF_000004515.6-RS_2025_01	Gnomon	Glycine max	GCF_000004515.6	Glycine_max_v4.0	GCF_000004515.6-RS_2025_01 2025-01-28	2026-10-07T10:25:24Z	a95bfb445b6e5ae58f793e68eb912bd5	1202434	1139774	284	2	10	10	10	exception=trans-splicing%2C RNA editing:10;part=1:2;part=2:2;part=3:2;part=4:2;part=5:2	0	1	1	1	1	0	full	1.0	2	2	0	0	0	383692	20440	20490	0	2	0	yes
refseq	refseq	plant	NCBI Solanum lycopersicum Annotation Release 103	Gnomon	Solanum lycopersicum	GCF_000188115.5	SL3.1	NCBI Solanum lycopersicum Annotation Release 103 2018-08-08	2026-10-07T10:25:24Z	46a2e9a5932d11d4c07275ae0a47065f	629442	592669	3066	2	0	0	0	NA	0	0	0	0	0	0	full	1.0	1	1	0	0	0	199676	4148	4180	0	0	0	no
refseq	refseq	plant	NCBI RefSeq GCF_030704535.1-RS_2023_09	Gnomon	Vitis vinifera	GCF_030704535.1	ASM3070453v1	GCF_030704535.1-RS_2023_09 2023-09-14	2026-10-07T10:25:24Z	804c2db388386d5d878ae871312c508f	651270	619901	21	2	0	0	0	NA	0	0	0	0	0	0	full	1.0	2	2	0	0	0	210885	5448	5478	0	0	0	no
refseq	refseq	fungus	SGD R64-5-1	RefSeq	Saccharomyces cerevisiae S288C	GCF_000146045.2	R64	SGD R64-5-1 2026-07-10	2026-10-07T10:25:24Z	93830ef7ada0a900d5fe3405555cea82	27135	19715	17	1	0	0	0	NA	0	0	0	0	0	0	full	1.0	0	0	0	0	0	359	0	2	0	0	0	no
refseq	refseq	fungus	PomBase	RefSeq	Schizosaccharomyces pombe	GCF_000002945.2	ASM294v3	Annotation submitted by PomBase 2024-08-16	2026-10-07T10:25:24Z	dddaab9e3ec23315d7815a2175f0d70b	53910	40988	4	1	4	0	0	NA	0	0	0	0	0	0	full	1.0	0	0	0	0	0	5144	0	5	0	4	4	yes
refseq	refseq	fungus	CGD A22-s07-m01-r01	RefSeq	Candida albicans SC5314	GCF_000182965.3	ASM18296v3	CGD A22-s07-m01-r01 2025-12-05	2026-10-07T10:25:24Z	876733070068a53dc49bf0582b00cbf0	25889	19427	8	0	0	0	0	NA	0	0	0	0	0	0	full	1.0	0	0	0	0	0	402	0	0	0	0	0	no
refseq	refseq	fungus	INSDC submitter	RefSeq	Neurospora crassa OR74A	GCF_000182925.2	NC12	Annotation submitted by Broad Institute 2023-04-03	2026-10-07T10:25:24Z	10c6e751e1b1cbeaa1039fe543755b33	82749	72136	21	1	0	0	0	NA	0	0	0	0	0	0	full	1.0	0	0	0	0	0	17860	0	0	0	0	0	no
refseq	refseq	fungus	INSDC submitter	RefSeq	Fusarium graminearum PH-1	GCF_000240135.3	ASM24013v3	Annotation submitted by International Gibberella zeae Genomics Consortium 2024-01-02	2026-10-07T10:25:24Z	1a402bed1da4bac75e3f5f3dacb7df3b	102635	88889	19	0	0	0	0	NA	0	0	0	0	0	0	full	1.0	0	0	0	0	0	23920	0	0	0	0	0	no
refseq	refseq	fungus	INSDC submitter	RefSeq	Aspergillus nidulans FGSC A4	GCF_000149205.2	ASM14920v2	Annotation submitted by Broad Institute 2018-01-25	2026-10-07T10:25:24Z	ba7d4767ad636260893e7830bac9a58b	89946	80081	91	1	0	0	0	NA	0	0	0	0	0	0	full	1.0	0	0	0	0	0	25582	0	0	0	0	0	no
refseq	refseq	fungus	INSDC submitter	RefSeq	Cryptococcus neoformans H99	GCF_000149245.1	CNA3	Annotation submitted by Broad Institute 2018-04-04	2026-10-07T10:25:24Z	d235c44a69dddfb40a7901b39d19ced9	127543	119190	15	1	0	0	0	NA	0	0	0	0	0	0	full	1.0	0	0	0	0	0	41249	0	0	0	0	0	no
refseq	refseq	fungus	INSDC submitter	RefSeq	Ustilago maydis 521	GCF_000328475.2	Umaydis521_2.0	Annotation submitted by Broad Institute 2024-12-03	2026-10-07T10:25:24Z	5b3be2705d092700dd31969ac3cca04b	34021	26854	27	0	0	0	0	NA	0	0	0	0	0	0	full	1.0	0	0	0	0	0	2967	0	204	0	0	0	no
